date,day_of_week,hour,exam_day,weather,boys_count,girls_count,total_occupancy,seats_available
15-08-2025,4,0,0,rainy,77,0,77,173
15-08-2025,4,1,0,rainy,79,0,79,171
15-08-2025,4,2,0,rainy,80,0,80,170
15-08-2025,4,3,0,cloudy,93,0,93,157
15-08-2025,4,4,0,cloudy,54,0,54,196
15-08-2025,4,5,0,sunny,50,0,50,200
15-08-2025,4,6,0,cloudy,59,0,59,191
15-08-2025,4,7,0,cloudy,47,25,72,178
15-08-2025,4,8,0,cloudy,51,16,67,183
15-08-2025,4,9,0,sunny,85,35,120,130
15-08-2025,4,10,0,sunny,112,69,181,69
15-08-2025,4,11,0,sunny,156,47,203,47
15-08-2025,4,12,0,sunny,57,31,88,162
15-08-2025,4,13,0,sunny,56,41,97,153
15-08-2025,4,14,0,sunny,97,32,129,121
15-08-2025,4,15,0,sunny,78,48,126,124
15-08-2025,4,16,0,cloudy,115,60,175,75
15-08-2025,4,17,0,cloudy,139,34,173,77
15-08-2025,4,18,0,cloudy,98,49,147,103
15-08-2025,4,19,0,sunny,71,22,93,157
15-08-2025,4,20,0,rainy,93,0,93,157
15-08-2025,4,21,0,rainy,74,0,74,176
15-08-2025,4,22,0,rainy,87,0,87,163
15-08-2025,4,23,0,rainy,85,0,85,165
16-08-2025,5,0,0,cloudy,86,0,86,164
16-08-2025,5,1,0,sunny,89,0,89,161
16-08-2025,5,2,0,cloudy,72,0,72,178
16-08-2025,5,3,0,sunny,74,0,74,176
16-08-2025,5,4,0,cloudy,59,0,59,191
16-08-2025,5,5,0,cloudy,41,0,41,209
16-08-2025,5,6,0,cloudy,55,0,55,195
16-08-2025,5,7,0,cloudy,44,14,58,192
16-08-2025,5,8,0,sunny,49,15,64,186
16-08-2025,5,9,0,sunny,53,37,90,160
16-08-2025,5,10,0,sunny,58,42,100,150
16-08-2025,5,11,0,cloudy,84,21,105,145
16-08-2025,5,12,0,sunny,35,11,46,204
16-08-2025,5,13,0,sunny,41,27,68,182
16-08-2025,5,14,0,sunny,69,20,89,161
16-08-2025,5,15,0,sunny,61,25,86,164
16-08-2025,5,16,0,cloudy,89,36,125,125
16-08-2025,5,17,0,sunny,96,53,149,101
16-08-2025,5,18,0,sunny,95,24,119,131
16-08-2025,5,19,0,cloudy,71,19,90,160
16-08-2025,5,20,0,sunny,87,0,87,163
16-08-2025,5,21,0,cloudy,87,0,87,163
16-08-2025,5,22,0,cloudy,79,0,79,171
16-08-2025,5,23,0,cloudy,78,0,78,172
17-08-2025,6,0,0,sunny,96,0,96,154
17-08-2025,6,1,0,cloudy,93,0,93,157
17-08-2025,6,2,0,cloudy,92,0,92,158
17-08-2025,6,3,0,sunny,76,0,76,174
17-08-2025,6,4,0,cloudy,45,0,45,205
17-08-2025,6,5,0,sunny,44,0,44,206
17-08-2025,6,6,0,cloudy,44,0,44,206
17-08-2025,6,7,0,sunny,23,15,38,212
17-08-2025,6,8,0,cloudy,28,13,41,209
17-08-2025,6,9,0,sunny,69,20,89,161
17-08-2025,6,10,0,sunny,69,27,96,154
17-08-2025,6,11,0,sunny,85,53,138,112
17-08-2025,6,12,0,cloudy,48,18,66,184
17-08-2025,6,13,0,sunny,42,15,57,193
17-08-2025,6,14,0,sunny,85,30,115,135
17-08-2025,6,15,0,sunny,55,30,85,165
17-08-2025,6,16,0,sunny,69,54,123,127
17-08-2025,6,17,0,cloudy,66,48,114,136
17-08-2025,6,18,0,cloudy,93,64,157,93
17-08-2025,6,19,0,cloudy,29,10,39,211
17-08-2025,6,20,0,cloudy,80,0,80,170
17-08-2025,6,21,0,cloudy,93,0,93,157
17-08-2025,6,22,0,cloudy,76,0,76,174
17-08-2025,6,23,0,cloudy,87,0,87,163
18-08-2025,0,0,0,cloudy,87,0,87,163
18-08-2025,0,1,0,cloudy,82,0,82,168
18-08-2025,0,2,0,cloudy,78,0,78,172
18-08-2025,0,3,0,cloudy,81,0,81,169
18-08-2025,0,4,0,sunny,41,0,41,209
18-08-2025,0,5,0,cloudy,57,0,57,193
18-08-2025,0,6,0,cloudy,53,0,53,197
18-08-2025,0,7,0,rainy,57,17,74,176
18-08-2025,0,8,0,rainy,27,19,46,204
18-08-2025,0,9,0,rainy,82,35,117,133
18-08-2025,0,10,0,rainy,117,38,155,95
18-08-2025,0,11,0,sunny,94,61,155,95
18-08-2025,0,12,0,cloudy,46,23,69,181
18-08-2025,0,13,0,sunny,74,56,130,120
18-08-2025,0,14,0,sunny,76,61,137,113
18-08-2025,0,15,0,sunny,90,34,124,126
18-08-2025,0,16,0,sunny,146,66,212,38
18-08-2025,0,17,0,cloudy,124,62,186,64
18-08-2025,0,18,0,cloudy,111,73,184,66
18-08-2025,0,19,0,sunny,73,34,107,143
18-08-2025,0,20,0,cloudy,86,0,86,164
18-08-2025,0,21,0,sunny,80,0,80,170
18-08-2025,0,22,0,sunny,74,0,74,176
18-08-2025,0,23,0,cloudy,90,0,90,160
19-08-2025,1,0,0,cloudy,71,0,71,179
19-08-2025,1,1,0,cloudy,85,0,85,165
19-08-2025,1,2,0,sunny,81,0,81,169
19-08-2025,1,3,0,cloudy,75,0,75,175
19-08-2025,1,4,0,cloudy,59,0,59,191
19-08-2025,1,5,0,sunny,42,0,42,208
19-08-2025,1,6,0,cloudy,45,0,45,205
19-08-2025,1,7,0,sunny,47,17,64,186
19-08-2025,1,8,0,cloudy,54,32,86,164
19-08-2025,1,9,0,sunny,119,44,163,87
19-08-2025,1,10,0,sunny,150,45,195,55
19-08-2025,1,11,0,cloudy,147,41,188,62
19-08-2025,1,12,0,sunny,69,32,101,149
19-08-2025,1,13,0,sunny,59,24,83,167
19-08-2025,1,14,0,sunny,115,49,164,86
19-08-2025,1,15,0,cloudy,108,33,141,109
19-08-2025,1,16,0,sunny,130,85,215,35
19-08-2025,1,17,0,cloudy,78,44,122,128
19-08-2025,1,18,0,cloudy,101,41,142,108
19-08-2025,1,19,0,cloudy,53,37,90,160
19-08-2025,1,20,0,sunny,85,0,85,165
19-08-2025,1,21,0,rainy,86,0,86,164
19-08-2025,1,22,0,rainy,93,0,93,157
19-08-2025,1,23,0,rainy,88,0,88,162
20-08-2025,2,0,0,cloudy,90,0,90,160
20-08-2025,2,1,0,cloudy,90,0,90,160
20-08-2025,2,2,0,sunny,72,0,72,178
20-08-2025,2,3,0,cloudy,99,0,99,151
20-08-2025,2,4,0,cloudy,45,0,45,205
20-08-2025,2,5,0,cloudy,49,0,49,201
20-08-2025,2,6,0,cloudy,40,0,40,210
20-08-2025,2,7,0,sunny,71,21,92,158
20-08-2025,2,8,0,sunny,63,17,80,170
20-08-2025,2,9,0,sunny,63,50,113,137
20-08-2025,2,10,0,sunny,110,67,177,73
20-08-2025,2,11,0,sunny,104,53,157,93
20-08-2025,2,12,0,sunny,52,18,70,180
20-08-2025,2,13,0,sunny,51,31,82,168
20-08-2025,2,14,0,sunny,125,43,168,82
20-08-2025,2,15,0,sunny,103,69,172,78
20-08-2025,2,16,0,sunny,139,64,203,47
20-08-2025,2,17,0,sunny,88,61,149,101
20-08-2025,2,18,0,cloudy,114,86,200,50
20-08-2025,2,19,0,sunny,82,57,139,111
20-08-2025,2,20,0,cloudy,84,0,84,166
20-08-2025,2,21,0,sunny,95,0,95,155
20-08-2025,2,22,0,cloudy,84,0,84,166
20-08-2025,2,23,0,sunny,80,0,80,170
21-08-2025,3,0,0,cloudy,76,0,76,174
21-08-2025,3,1,0,cloudy,73,0,73,177
21-08-2025,3,2,0,sunny,99,0,99,151
21-08-2025,3,3,0,cloudy,75,0,75,175
21-08-2025,3,4,0,cloudy,49,0,49,201
21-08-2025,3,5,0,cloudy,47,0,47,203
21-08-2025,3,6,0,cloudy,60,0,60,190
21-08-2025,3,7,0,sunny,33,24,57,193
21-08-2025,3,8,0,sunny,30,22,52,198
21-08-2025,3,9,0,sunny,105,63,168,82
21-08-2025,3,10,0,sunny,172,59,231,19
21-08-2025,3,11,0,sunny,99,57,156,94
21-08-2025,3,12,0,sunny,78,47,125,125
21-08-2025,3,13,0,sunny,57,29,86,164
21-08-2025,3,14,0,cloudy,94,30,124,126
21-08-2025,3,15,0,sunny,80,56,136,114
21-08-2025,3,16,0,sunny,92,71,163,87
21-08-2025,3,17,0,sunny,105,60,165,85
21-08-2025,3,18,0,cloudy,107,53,160,90
21-08-2025,3,19,0,cloudy,62,21,83,167
21-08-2025,3,20,0,cloudy,90,0,90,160
21-08-2025,3,21,0,cloudy,99,0,99,151
21-08-2025,3,22,0,cloudy,90,0,90,160
21-08-2025,3,23,0,sunny,82,0,82,168
22-08-2025,4,0,0,cloudy,72,0,72,178
22-08-2025,4,1,0,sunny,86,0,86,164
22-08-2025,4,2,0,cloudy,89,0,89,161
22-08-2025,4,3,0,cloudy,85,0,85,165
22-08-2025,4,4,0,cloudy,60,0,60,190
22-08-2025,4,5,0,cloudy,41,0,41,209
22-08-2025,4,6,0,cloudy,44,0,44,206
22-08-2025,4,7,0,cloudy,36,25,61,189
22-08-2025,4,8,0,sunny,58,15,73,177
22-08-2025,4,9,0,rainy,103,34,137,113
22-08-2025,4,10,0,rainy,124,59,183,67
22-08-2025,4,11,0,rainy,111,37,148,102
22-08-2025,4,12,0,sunny,66,30,96,154
22-08-2025,4,13,0,cloudy,45,34,79,171
22-08-2025,4,14,0,sunny,87,46,133,117
22-08-2025,4,15,0,sunny,96,29,125,125
22-08-2025,4,16,0,sunny,101,57,158,92
22-08-2025,4,17,0,sunny,141,54,195,55
22-08-2025,4,18,0,cloudy,113,38,151,99
22-08-2025,4,19,0,cloudy,70,19,89,161
22-08-2025,4,20,0,sunny,77,0,77,173
22-08-2025,4,21,0,cloudy,80,0,80,170
22-08-2025,4,22,0,cloudy,96,0,96,154
22-08-2025,4,23,0,cloudy,79,0,79,171
23-08-2025,5,0,0,cloudy,85,0,85,165
23-08-2025,5,1,0,sunny,97,0,97,153
23-08-2025,5,2,0,cloudy,98,0,98,152
23-08-2025,5,3,0,cloudy,83,0,83,167
23-08-2025,5,4,0,sunny,49,0,49,201
23-08-2025,5,5,0,sunny,48,0,48,202
23-08-2025,5,6,0,sunny,59,0,59,191
23-08-2025,5,7,0,sunny,24,19,43,207
23-08-2025,5,8,0,cloudy,33,13,46,204
23-08-2025,5,9,0,sunny,83,26,109,141
23-08-2025,5,10,0,sunny,89,25,114,136
23-08-2025,5,11,0,sunny,79,47,126,124
23-08-2025,5,12,0,sunny,42,29,71,179
23-08-2025,5,13,0,cloudy,49,32,81,169
23-08-2025,5,14,0,cloudy,72,41,113,137
23-08-2025,5,15,0,cloudy,53,36,89,161
23-08-2025,5,16,0,sunny,60,47,107,143
23-08-2025,5,17,0,sunny,90,33,123,127
23-08-2025,5,18,0,sunny,75,21,96,154
23-08-2025,5,19,0,cloudy,51,40,91,159
23-08-2025,5,20,0,cloudy,89,0,89,161
23-08-2025,5,21,0,cloudy,90,0,90,160
23-08-2025,5,22,0,cloudy,71,0,71,179
23-08-2025,5,23,0,cloudy,90,0,90,160
24-08-2025,6,0,0,sunny,86,0,86,164
24-08-2025,6,1,0,cloudy,75,0,75,175
24-08-2025,6,2,0,sunny,72,0,72,178
24-08-2025,6,3,0,sunny,84,0,84,166
24-08-2025,6,4,0,sunny,59,0,59,191
24-08-2025,6,5,0,cloudy,41,0,41,209
24-08-2025,6,6,0,sunny,55,0,55,195
24-08-2025,6,7,0,cloudy,28,12,40,210
24-08-2025,6,8,0,cloudy,9,2,11,239
24-08-2025,6,9,0,sunny,50,36,86,164
24-08-2025,6,10,0,cloudy,91,60,151,99
24-08-2025,6,11,0,sunny,94,56,150,100
24-08-2025,6,12,0,sunny,44,30,74,176
24-08-2025,6,13,0,sunny,56,32,88,162
24-08-2025,6,14,0,sunny,68,27,95,155
24-08-2025,6,15,0,sunny,65,30,95,155
24-08-2025,6,16,0,cloudy,47,20,67,183
24-08-2025,6,17,0,cloudy,56,24,80,170
24-08-2025,6,18,0,sunny,64,49,113,137
24-08-2025,6,19,0,cloudy,36,11,47,203
24-08-2025,6,20,0,sunny,76,0,76,174
24-08-2025,6,21,0,cloudy,85,0,85,165
24-08-2025,6,22,0,cloudy,72,0,72,178
24-08-2025,6,23,0,cloudy,75,0,75,175
25-08-2025,0,0,0,cloudy,77,0,77,173
25-08-2025,0,1,0,sunny,72,0,72,178
25-08-2025,0,2,0,cloudy,81,0,81,169
25-08-2025,0,3,0,sunny,75,0,75,175
25-08-2025,0,4,0,cloudy,41,0,41,209
25-08-2025,0,5,0,sunny,54,0,54,196
25-08-2025,0,6,0,cloudy,54,0,54,196
25-08-2025,0,7,0,sunny,50,22,72,178
25-08-2025,0,8,0,cloudy,64,22,86,164
25-08-2025,0,9,0,sunny,70,38,108,142
25-08-2025,0,10,0,sunny,126,35,161,89
25-08-2025,0,11,0,cloudy,97,47,144,106
25-08-2025,0,12,0,sunny,87,45,132,118
25-08-2025,0,13,0,cloudy,50,30,80,170
25-08-2025,0,14,0,cloudy,83,28,111,139
25-08-2025,0,15,0,sunny,104,53,157,93
25-08-2025,0,16,0,sunny,112,62,174,76
25-08-2025,0,17,0,sunny,118,47,165,85
25-08-2025,0,18,0,sunny,79,54,133,117
25-08-2025,0,19,0,cloudy,83,25,108,142
25-08-2025,0,20,0,cloudy,76,0,76,174
25-08-2025,0,21,0,cloudy,90,0,90,160
25-08-2025,0,22,0,cloudy,92,0,92,158
25-08-2025,0,23,0,sunny,72,0,72,178
26-08-2025,1,0,0,cloudy,88,0,88,162
26-08-2025,1,1,0,cloudy,88,0,88,162
26-08-2025,1,2,0,cloudy,95,0,95,155
26-08-2025,1,3,0,cloudy,84,0,84,166
26-08-2025,1,4,0,cloudy,56,0,56,194
26-08-2025,1,5,0,cloudy,56,0,56,194
26-08-2025,1,6,0,sunny,49,0,49,201
26-08-2025,1,7,0,sunny,50,12,62,188
26-08-2025,1,8,0,sunny,39,21,60,190
26-08-2025,1,9,0,sunny,88,31,119,131
26-08-2025,1,10,0,cloudy,92,41,133,117
26-08-2025,1,11,0,sunny,124,73,197,53
26-08-2025,1,12,0,cloudy,68,30,98,152
26-08-2025,1,13,0,sunny,82,23,105,145
26-08-2025,1,14,0,sunny,73,46,119,131
26-08-2025,1,15,0,sunny,66,34,100,150
26-08-2025,1,16,0,cloudy,110,32,142,108
26-08-2025,1,17,0,sunny,121,84,205,45
26-08-2025,1,18,0,cloudy,104,60,164,86
26-08-2025,1,19,0,cloudy,46,33,79,171
26-08-2025,1,20,0,cloudy,93,0,93,157
26-08-2025,1,21,0,cloudy,92,0,92,158
26-08-2025,1,22,0,cloudy,72,0,72,178
26-08-2025,1,23,0,sunny,100,0,100,150
27-08-2025,2,0,0,cloudy,79,0,79,171
27-08-2025,2,1,0,cloudy,77,0,77,173
27-08-2025,2,2,0,sunny,83,0,83,167
27-08-2025,2,3,0,sunny,82,0,82,168
27-08-2025,2,4,0,cloudy,49,0,49,201
27-08-2025,2,5,0,rainy,45,0,45,205
27-08-2025,2,6,0,rainy,53,0,53,197
27-08-2025,2,7,0,rainy,20,16,36,214
27-08-2025,2,8,0,rainy,36,26,62,188
27-08-2025,2,9,0,rainy,97,57,154,96
27-08-2025,2,10,0,rainy,145,41,186,64
27-08-2025,2,11,0,rainy,84,61,145,105
27-08-2025,2,12,0,sunny,101,29,130,120
27-08-2025,2,13,0,sunny,81,44,125,125
27-08-2025,2,14,0,sunny,77,43,120,130
27-08-2025,2,15,0,cloudy,92,37,129,121
27-08-2025,2,16,0,sunny,130,49,179,71
27-08-2025,2,17,0,cloudy,162,40,202,48
27-08-2025,2,18,0,sunny,97,77,174,76
27-08-2025,2,19,0,sunny,56,32,88,162
27-08-2025,2,20,0,sunny,75,0,75,175
27-08-2025,2,21,0,cloudy,89,0,89,161
27-08-2025,2,22,0,cloudy,90,0,90,160
27-08-2025,2,23,0,cloudy,71,0,71,179
28-08-2025,3,0,0,cloudy,74,0,74,176
28-08-2025,3,1,0,cloudy,77,0,77,173
28-08-2025,3,2,0,sunny,76,0,76,174
28-08-2025,3,3,0,sunny,87,0,87,163
28-08-2025,3,4,0,cloudy,58,0,58,192
28-08-2025,3,5,0,sunny,49,0,49,201
28-08-2025,3,6,0,sunny,59,0,59,191
28-08-2025,3,7,0,sunny,44,24,68,182
28-08-2025,3,8,0,sunny,34,19,53,197
28-08-2025,3,9,0,sunny,106,36,142,108
28-08-2025,3,10,0,sunny,103,80,183,67
28-08-2025,3,11,0,sunny,113,53,166,84
28-08-2025,3,12,0,sunny,80,21,101,149
28-08-2025,3,13,0,sunny,89,38,127,123
28-08-2025,3,14,0,sunny,108,62,170,80
28-08-2025,3,15,0,cloudy,83,47,130,120
28-08-2025,3,16,0,sunny,100,38,138,112
28-08-2025,3,17,0,sunny,120,66,186,64
28-08-2025,3,18,0,cloudy,121,41,162,88
28-08-2025,3,19,0,sunny,55,24,79,171
28-08-2025,3,20,0,cloudy,71,0,71,179
28-08-2025,3,21,0,cloudy,76,0,76,174
28-08-2025,3,22,0,cloudy,95,0,95,155
28-08-2025,3,23,0,cloudy,87,0,87,163
29-08-2025,4,0,0,cloudy,91,0,91,159
29-08-2025,4,1,0,cloudy,88,0,88,162
29-08-2025,4,2,0,cloudy,100,0,100,150
29-08-2025,4,3,0,cloudy,84,0,84,166
29-08-2025,4,4,0,sunny,52,0,52,198
29-08-2025,4,5,0,cloudy,51,0,51,199
29-08-2025,4,6,0,sunny,52,0,52,198
29-08-2025,4,7,0,cloudy,46,20,66,184
29-08-2025,4,8,0,cloudy,35,24,59,191
29-08-2025,4,9,0,sunny,87,49,136,114
29-08-2025,4,10,0,sunny,114,36,150,100
29-08-2025,4,11,0,sunny,114,43,157,93
29-08-2025,4,12,0,sunny,61,20,81,169
29-08-2025,4,13,0,sunny,54,35,89,161
29-08-2025,4,14,0,sunny,77,46,123,127
29-08-2025,4,15,0,sunny,81,40,121,129
29-08-2025,4,16,0,sunny,119,87,206,44
29-08-2025,4,17,0,cloudy,95,56,151,99
29-08-2025,4,18,0,cloudy,111,67,178,72
29-08-2025,4,19,0,cloudy,66,40,106,144
29-08-2025,4,20,0,cloudy,83,0,83,167
29-08-2025,4,21,0,sunny,92,0,92,158
29-08-2025,4,22,0,cloudy,73,0,73,177
29-08-2025,4,23,0,cloudy,79,0,79,171
30-08-2025,5,0,0,cloudy,100,0,100,150
30-08-2025,5,1,0,sunny,76,0,76,174
30-08-2025,5,2,0,cloudy,82,0,82,168
30-08-2025,5,3,0,cloudy,85,0,85,165
30-08-2025,5,4,0,sunny,43,0,43,207
30-08-2025,5,5,0,cloudy,49,0,49,201
30-08-2025,5,6,0,sunny,52,0,52,198
30-08-2025,5,7,0,sunny,42,13,55,195
30-08-2025,5,8,0,sunny,48,21,69,181
30-08-2025,5,9,0,cloudy,48,18,66,184
30-08-2025,5,10,0,sunny,106,44,150,100
30-08-2025,5,11,0,sunny,58,32,90,160
30-08-2025,5,12,0,sunny,59,28,87,163
30-08-2025,5,13,0,sunny,37,22,59,191
30-08-2025,5,14,0,sunny,66,44,110,140
30-08-2025,5,15,0,cloudy,57,37,94,156
30-08-2025,5,16,0,sunny,108,30,138,112
30-08-2025,5,17,0,cloudy,75,55,130,120
30-08-2025,5,18,0,cloudy,87,29,116,134
30-08-2025,5,19,0,cloudy,39,29,68,182
30-08-2025,5,20,0,sunny,86,0,86,164
30-08-2025,5,21,0,sunny,86,0,86,164
30-08-2025,5,22,0,cloudy,95,0,95,155
30-08-2025,5,23,0,sunny,70,0,70,180
31-08-2025,6,0,0,cloudy,93,0,93,157
31-08-2025,6,1,0,cloudy,98,0,98,152
31-08-2025,6,2,0,cloudy,98,0,98,152
31-08-2025,6,3,0,cloudy,98,0,98,152
31-08-2025,6,4,0,cloudy,52,0,52,198
31-08-2025,6,5,0,sunny,55,0,55,195
31-08-2025,6,6,0,sunny,52,0,52,198
31-08-2025,6,7,0,cloudy,18,8,26,224
31-08-2025,6,8,0,sunny,34,10,44,206
31-08-2025,6,9,0,sunny,50,31,81,169
31-08-2025,6,10,0,sunny,105,57,162,88
31-08-2025,6,11,0,sunny,128,32,160,90
31-08-2025,6,12,0,sunny,48,25,73,177
31-08-2025,6,13,0,sunny,48,17,65,185
31-08-2025,6,14,0,cloudy,68,24,92,158
31-08-2025,6,15,0,sunny,72,37,109,141
31-08-2025,6,16,0,sunny,88,48,136,114
31-08-2025,6,17,0,sunny,107,32,139,111
31-08-2025,6,18,0,cloudy,83,22,105,145
31-08-2025,6,19,0,sunny,43,33,76,174
31-08-2025,6,20,0,sunny,95,0,95,155
31-08-2025,6,21,0,cloudy,86,0,86,164
31-08-2025,6,22,0,cloudy,90,0,90,160
31-08-2025,6,23,0,cloudy,75,0,75,175
01-09-2025,0,0,0,cloudy,82,0,82,168
01-09-2025,0,1,0,sunny,99,0,99,151
01-09-2025,0,2,0,sunny,100,0,100,150
01-09-2025,0,3,0,cloudy,71,0,71,179
01-09-2025,0,4,0,sunny,41,0,41,209
01-09-2025,0,5,0,cloudy,52,0,52,198
01-09-2025,0,6,0,sunny,43,0,43,207
01-09-2025,0,7,0,cloudy,49,34,83,167
01-09-2025,0,8,0,sunny,50,15,65,185
01-09-2025,0,9,0,sunny,84,51,135,115
01-09-2025,0,10,0,cloudy,116,32,148,102
01-09-2025,0,11,0,sunny,106,35,141,109
01-09-2025,0,12,0,sunny,73,39,112,138
01-09-2025,0,13,0,cloudy,71,35,106,144
01-09-2025,0,14,0,cloudy,65,29,94,156
01-09-2025,0,15,0,cloudy,90,39,129,121
01-09-2025,0,16,0,sunny,111,78,189,61
01-09-2025,0,17,0,sunny,116,60,176,74
01-09-2025,0,18,0,cloudy,102,39,141,109
01-09-2025,0,19,0,sunny,52,30,82,168
01-09-2025,0,20,0,sunny,85,0,85,165
01-09-2025,0,21,0,sunny,100,0,100,150
01-09-2025,0,22,0,sunny,96,0,96,154
01-09-2025,0,23,0,sunny,82,0,82,168
02-09-2025,1,0,0,cloudy,70,0,70,180
02-09-2025,1,1,0,cloudy,96,0,96,154
02-09-2025,1,2,0,sunny,83,0,83,167
02-09-2025,1,3,0,sunny,93,0,93,157
02-09-2025,1,4,0,cloudy,58,0,58,192
02-09-2025,1,5,0,cloudy,50,0,50,200
02-09-2025,1,6,0,cloudy,47,0,47,203
02-09-2025,1,7,0,cloudy,49,22,71,179
02-09-2025,1,8,0,rainy,48,32,80,170
02-09-2025,1,9,0,rainy,66,37,103,147
02-09-2025,1,10,0,rainy,82,38,120,130
02-09-2025,1,11,0,rainy,106,81,187,63
02-09-2025,1,12,0,rainy,36,19,55,195
02-09-2025,1,13,0,rainy,66,32,98,152
02-09-2025,1,14,0,rainy,101,45,146,104
02-09-2025,1,15,0,cloudy,90,41,131,119
02-09-2025,1,16,0,cloudy,102,33,135,115
02-09-2025,1,17,0,sunny,110,44,154,96
02-09-2025,1,18,0,cloudy,88,65,153,97
02-09-2025,1,19,0,cloudy,62,17,79,171
02-09-2025,1,20,0,cloudy,91,0,91,159
02-09-2025,1,21,0,cloudy,78,0,78,172
02-09-2025,1,22,0,cloudy,95,0,95,155
02-09-2025,1,23,0,cloudy,97,0,97,153
03-09-2025,2,0,0,cloudy,75,0,75,175
03-09-2025,2,1,0,cloudy,78,0,78,172
03-09-2025,2,2,0,cloudy,93,0,93,157
03-09-2025,2,3,0,cloudy,95,0,95,155
03-09-2025,2,4,0,sunny,59,0,59,191
03-09-2025,2,5,0,cloudy,46,0,46,204
03-09-2025,2,6,0,cloudy,55,0,55,195
03-09-2025,2,7,0,sunny,78,27,105,145
03-09-2025,2,8,0,sunny,56,24,80,170
03-09-2025,2,9,0,sunny,104,36,140,110
03-09-2025,2,10,0,sunny,103,46,149,101
03-09-2025,2,11,0,sunny,142,66,208,42
03-09-2025,2,12,0,cloudy,46,26,72,178
03-09-2025,2,13,0,sunny,64,19,83,167
03-09-2025,2,14,0,sunny,102,64,166,84
03-09-2025,2,15,0,sunny,105,41,146,104
03-09-2025,2,16,0,sunny,125,83,208,42
03-09-2025,2,17,0,sunny,82,63,145,105
03-09-2025,2,18,0,sunny,128,96,224,26
03-09-2025,2,19,0,cloudy,51,26,77,173
03-09-2025,2,20,0,cloudy,72,0,72,178
03-09-2025,2,21,0,cloudy,91,0,91,159
03-09-2025,2,22,0,cloudy,73,0,73,177
03-09-2025,2,23,0,cloudy,84,0,84,166
04-09-2025,3,0,0,cloudy,87,0,87,163
04-09-2025,3,1,0,sunny,84,0,84,166
04-09-2025,3,2,0,sunny,79,0,79,171
04-09-2025,3,3,0,cloudy,98,0,98,152
04-09-2025,3,4,0,cloudy,45,0,45,205
04-09-2025,3,5,0,sunny,51,0,51,199
04-09-2025,3,6,0,cloudy,56,0,56,194
04-09-2025,3,7,0,sunny,81,26,107,143
04-09-2025,3,8,0,sunny,26,16,42,208
04-09-2025,3,9,0,sunny,118,58,176,74
04-09-2025,3,10,0,sunny,93,75,168,82
04-09-2025,3,11,0,sunny,155,55,210,40
04-09-2025,3,12,0,sunny,50,15,65,185
04-09-2025,3,13,0,sunny,67,22,89,161
04-09-2025,3,14,0,sunny,121,48,169,81
04-09-2025,3,15,0,sunny,118,37,155,95
04-09-2025,3,16,0,cloudy,92,27,119,131
04-09-2025,3,17,0,sunny,129,37,166,84
04-09-2025,3,18,0,cloudy,112,63,175,75
04-09-2025,3,19,0,cloudy,32,20,52,198
04-09-2025,3,20,0,cloudy,72,0,72,178
04-09-2025,3,21,0,cloudy,82,0,82,168
04-09-2025,3,22,0,cloudy,93,0,93,157
04-09-2025,3,23,0,cloudy,85,0,85,165
05-09-2025,4,0,0,cloudy,96,0,96,154
05-09-2025,4,1,0,cloudy,85,0,85,165
05-09-2025,4,2,0,sunny,96,0,96,154
05-09-2025,4,3,0,sunny,81,0,81,169
05-09-2025,4,4,0,sunny,40,0,40,210
05-09-2025,4,5,0,sunny,43,0,43,207
05-09-2025,4,6,0,sunny,47,0,47,203
05-09-2025,4,7,0,sunny,74,33,107,143
05-09-2025,4,8,0,sunny,42,26,68,182
05-09-2025,4,9,0,sunny,95,27,122,128
05-09-2025,4,10,0,sunny,143,84,227,23
05-09-2025,4,11,0,sunny,135,40,175,75
05-09-2025,4,12,0,cloudy,70,55,125,125
05-09-2025,4,13,0,cloudy,73,23,96,154
05-09-2025,4,14,0,cloudy,56,38,94,156
05-09-2025,4,15,0,cloudy,105,63,168,82
05-09-2025,4,16,0,cloudy,144,40,184,66
05-09-2025,4,17,0,cloudy,101,50,151,99
05-09-2025,4,18,0,cloudy,141,37,178,72
05-09-2025,4,19,0,cloudy,57,44,101,149
05-09-2025,4,20,0,sunny,94,0,94,156
05-09-2025,4,21,0,sunny,78,0,78,172
05-09-2025,4,22,0,sunny,100,0,100,150
05-09-2025,4,23,0,cloudy,75,0,75,175
06-09-2025,5,0,0,cloudy,86,0,86,164
06-09-2025,5,1,0,cloudy,94,0,94,156
06-09-2025,5,2,0,cloudy,85,0,85,165
06-09-2025,5,3,0,cloudy,98,0,98,152
06-09-2025,5,4,0,cloudy,57,0,57,193
06-09-2025,5,5,0,cloudy,46,0,46,204
06-09-2025,5,6,0,sunny,56,0,56,194
06-09-2025,5,7,0,sunny,52,24,76,174
06-09-2025,5,8,0,sunny,31,18,49,201
06-09-2025,5,9,0,cloudy,55,26,81,169
06-09-2025,5,10,0,sunny,84,24,108,142
06-09-2025,5,11,0,sunny,116,34,150,100
06-09-2025,5,12,0,cloudy,27,15,42,208
06-09-2025,5,13,0,sunny,41,19,60,190
06-09-2025,5,14,0,sunny,52,38,90,160
06-09-2025,5,15,0,sunny,56,38,94,156
06-09-2025,5,16,0,sunny,69,45,114,136
06-09-2025,5,17,0,sunny,112,48,160,90
06-09-2025,5,18,0,sunny,100,62,162,88
06-09-2025,5,19,0,cloudy,30,21,51,199
06-09-2025,5,20,0,cloudy,74,0,74,176
06-09-2025,5,21,0,cloudy,86,0,86,164
06-09-2025,5,22,0,cloudy,73,0,73,177
06-09-2025,5,23,0,sunny,72,0,72,178
07-09-2025,6,0,0,cloudy,80,0,80,170
07-09-2025,6,1,0,sunny,71,0,71,179
07-09-2025,6,2,0,cloudy,83,0,83,167
07-09-2025,6,3,0,sunny,81,0,81,169
07-09-2025,6,4,0,sunny,43,0,43,207
07-09-2025,6,5,0,sunny,41,0,41,209
07-09-2025,6,6,0,rainy,55,0,55,195
07-09-2025,6,7,0,rainy,26,11,37,213
07-09-2025,6,8,0,rainy,4,1,5,245
07-09-2025,6,9,0,rainy,28,13,41,209
07-09-2025,6,10,0,rainy,60,21,81,169
07-09-2025,6,11,0,rainy,108,29,137,113
07-09-2025,6,12,0,rainy,37,19,56,194
07-09-2025,6,13,0,rainy,10,5,15,235
07-09-2025,6,14,0,rainy,37,9,46,204
07-09-2025,6,15,0,sunny,80,28,108,142
07-09-2025,6,16,0,cloudy,105,40,145,105
07-09-2025,6,17,0,cloudy,103,31,134,116
07-09-2025,6,18,0,sunny,89,47,136,114
07-09-2025,6,19,0,cloudy,28,22,50,200
07-09-2025,6,20,0,cloudy,85,0,85,165
07-09-2025,6,21,0,cloudy,83,0,83,167
07-09-2025,6,22,0,cloudy,84,0,84,166
07-09-2025,6,23,0,sunny,84,0,84,166
08-09-2025,0,0,0,cloudy,85,0,85,165
08-09-2025,0,1,0,sunny,85,0,85,165
08-09-2025,0,2,0,cloudy,77,0,77,173
08-09-2025,0,3,0,cloudy,86,0,86,164
08-09-2025,0,4,0,cloudy,51,0,51,199
08-09-2025,0,5,0,cloudy,52,0,52,198
08-09-2025,0,6,0,sunny,50,0,50,200
08-09-2025,0,7,0,sunny,44,22,66,184
08-09-2025,0,8,0,sunny,72,27,99,151
08-09-2025,0,9,0,sunny,82,21,103,147
08-09-2025,0,10,0,sunny,145,52,197,53
08-09-2025,0,11,0,cloudy,112,60,172,78
08-09-2025,0,12,0,cloudy,87,21,108,142
08-09-2025,0,13,0,cloudy,52,29,81,169
08-09-2025,0,14,0,sunny,109,64,173,77
08-09-2025,0,15,0,sunny,101,43,144,106
08-09-2025,0,16,0,sunny,142,57,199,51
08-09-2025,0,17,0,sunny,163,50,213,37
08-09-2025,0,18,0,sunny,107,45,152,98
08-09-2025,0,19,0,cloudy,43,23,66,184
08-09-2025,0,20,0,cloudy,76,0,76,174
08-09-2025,0,21,0,sunny,92,0,92,158
08-09-2025,0,22,0,sunny,73,0,73,177
08-09-2025,0,23,0,cloudy,86,0,86,164
09-09-2025,1,0,0,cloudy,80,0,80,170
09-09-2025,1,1,0,cloudy,86,0,86,164
09-09-2025,1,2,0,cloudy,80,0,80,170
09-09-2025,1,3,0,cloudy,77,0,77,173
09-09-2025,1,4,0,cloudy,43,0,43,207
09-09-2025,1,5,0,sunny,41,0,41,209
09-09-2025,1,6,0,cloudy,59,0,59,191
09-09-2025,1,7,0,sunny,29,19,48,202
09-09-2025,1,8,0,sunny,76,42,118,132
09-09-2025,1,9,0,sunny,86,61,147,103
09-09-2025,1,10,0,sunny,137,82,219,31
09-09-2025,1,11,0,sunny,125,63,188,62
09-09-2025,1,12,0,sunny,85,40,125,125
09-09-2025,1,13,0,sunny,84,66,150,100
09-09-2025,1,14,0,sunny,117,31,148,102
09-09-2025,1,15,0,sunny,77,40,117,133
09-09-2025,1,16,0,cloudy,86,61,147,103
09-09-2025,1,17,0,cloudy,130,66,196,54
09-09-2025,1,18,0,cloudy,103,51,154,96
09-09-2025,1,19,0,sunny,89,38,127,123
09-09-2025,1,20,0,sunny,73,0,73,177
09-09-2025,1,21,0,cloudy,74,0,74,176
09-09-2025,1,22,0,sunny,95,0,95,155
09-09-2025,1,23,0,cloudy,75,0,75,175
10-09-2025,2,0,0,cloudy,93,0,93,157
10-09-2025,2,1,0,cloudy,84,0,84,166
10-09-2025,2,2,0,rainy,90,0,90,160
10-09-2025,2,3,0,rainy,88,0,88,162
10-09-2025,2,4,0,rainy,43,0,43,207
10-09-2025,2,5,0,rainy,40,0,40,210
10-09-2025,2,6,0,cloudy,41,0,41,209
10-09-2025,2,7,0,sunny,60,46,106,144
10-09-2025,2,8,0,cloudy,45,30,75,175
10-09-2025,2,9,0,cloudy,111,38,149,101
10-09-2025,2,10,0,cloudy,97,66,163,87
10-09-2025,2,11,0,sunny,121,54,175,75
10-09-2025,2,12,0,sunny,59,33,92,158
10-09-2025,2,13,0,sunny,67,40,107,143
10-09-2025,2,14,0,sunny,86,53,139,111
10-09-2025,2,15,0,sunny,66,48,114,136
10-09-2025,2,16,0,sunny,133,85,218,32
10-09-2025,2,17,0,cloudy,87,70,157,93
10-09-2025,2,18,0,cloudy,131,57,188,62
10-09-2025,2,19,0,sunny,78,30,108,142
10-09-2025,2,20,0,cloudy,98,0,98,152
10-09-2025,2,21,0,sunny,72,0,72,178
10-09-2025,2,22,0,cloudy,79,0,79,171
10-09-2025,2,23,0,sunny,94,0,94,156
11-09-2025,3,0,0,cloudy,100,0,100,150
11-09-2025,3,1,0,cloudy,92,0,92,158
11-09-2025,3,2,0,cloudy,76,0,76,174
11-09-2025,3,3,0,cloudy,76,0,76,174
11-09-2025,3,4,0,cloudy,40,0,40,210
11-09-2025,3,5,0,sunny,60,0,60,190
11-09-2025,3,6,0,sunny,49,0,49,201
11-09-2025,3,7,0,sunny,41,16,57,193
11-09-2025,3,8,0,cloudy,50,26,76,174
11-09-2025,3,9,0,sunny,100,39,139,111
11-09-2025,3,10,0,sunny,135,66,201,49
11-09-2025,3,11,0,cloudy,111,50,161,89
11-09-2025,3,12,0,sunny,86,51,137,113
11-09-2025,3,13,0,sunny,74,22,96,154
11-09-2025,3,14,0,sunny,100,43,143,107
11-09-2025,3,15,0,cloudy,61,36,97,153
11-09-2025,3,16,0,cloudy,102,38,140,110
11-09-2025,3,17,0,sunny,97,40,137,113
11-09-2025,3,18,0,cloudy,105,37,142,108
11-09-2025,3,19,0,cloudy,77,29,106,144
11-09-2025,3,20,0,sunny,96,0,96,154
11-09-2025,3,21,0,cloudy,70,0,70,180
11-09-2025,3,22,0,cloudy,73,0,73,177
11-09-2025,3,23,0,cloudy,83,0,83,167
12-09-2025,4,0,0,sunny,97,0,97,153
12-09-2025,4,1,0,sunny,98,0,98,152
12-09-2025,4,2,0,cloudy,86,0,86,164
12-09-2025,4,3,0,cloudy,71,0,71,179
12-09-2025,4,4,0,sunny,47,0,47,203
12-09-2025,4,5,0,cloudy,47,0,47,203
12-09-2025,4,6,0,sunny,54,0,54,196
12-09-2025,4,7,0,sunny,35,15,50,200
12-09-2025,4,8,0,sunny,46,28,74,176
12-09-2025,4,9,0,sunny,119,52,171,79
12-09-2025,4,10,0,sunny,112,34,146,104
12-09-2025,4,11,0,cloudy,88,63,151,99
12-09-2025,4,12,0,sunny,54,29,83,167
12-09-2025,4,13,0,sunny,57,24,81,169
12-09-2025,4,14,0,cloudy,78,62,140,110
12-09-2025,4,15,0,sunny,68,43,111,139
12-09-2025,4,16,0,cloudy,108,87,195,55
12-09-2025,4,17,0,sunny,123,35,158,92
12-09-2025,4,18,0,cloudy,90,64,154,96
12-09-2025,4,19,0,cloudy,65,23,88,162
12-09-2025,4,20,0,cloudy,98,0,98,152
12-09-2025,4,21,0,sunny,100,0,100,150
12-09-2025,4,22,0,cloudy,81,0,81,169
12-09-2025,4,23,0,sunny,91,0,91,159
13-09-2025,5,0,0,rainy,93,0,93,157
13-09-2025,5,1,0,rainy,82,0,82,168
13-09-2025,5,2,0,cloudy,74,0,74,176
13-09-2025,5,3,0,cloudy,84,0,84,166
13-09-2025,5,4,0,sunny,46,0,46,204
13-09-2025,5,5,0,sunny,59,0,59,191
13-09-2025,5,6,0,sunny,48,0,48,202
13-09-2025,5,7,0,cloudy,17,12,29,221
13-09-2025,5,8,0,sunny,28,21,49,201
13-09-2025,5,9,0,cloudy,52,16,68,182
13-09-2025,5,10,0,cloudy,84,49,133,117
13-09-2025,5,11,0,sunny,80,61,141,109
13-09-2025,5,12,0,sunny,42,28,70,180
13-09-2025,5,13,0,sunny,41,29,70,180
13-09-2025,5,14,0,sunny,71,29,100,150
13-09-2025,5,15,0,cloudy,81,28,109,141
13-09-2025,5,16,0,sunny,89,43,132,118
13-09-2025,5,17,0,sunny,53,37,90,160
13-09-2025,5,18,0,sunny,98,66,164,86
13-09-2025,5,19,0,cloudy,34,14,48,202
13-09-2025,5,20,0,sunny,100,0,100,150
13-09-2025,5,21,0,cloudy,83,0,83,167
13-09-2025,5,22,0,rainy,75,0,75,175
13-09-2025,5,23,0,rainy,83,0,83,167
14-09-2025,6,0,0,rainy,91,0,91,159
14-09-2025,6,1,0,rainy,97,0,97,153
14-09-2025,6,2,0,rainy,78,0,78,172
14-09-2025,6,3,0,rainy,89,0,89,161
14-09-2025,6,4,0,rainy,59,0,59,191
14-09-2025,6,5,0,rainy,58,0,58,192
14-09-2025,6,6,0,rainy,53,0,53,197
14-09-2025,6,7,0,rainy,12,3,15,235
14-09-2025,6,8,0,rainy,12,5,17,233
14-09-2025,6,9,0,rainy,60,43,103,147
14-09-2025,6,10,0,cloudy,91,39,130,120
14-09-2025,6,11,0,sunny,59,40,99,151
14-09-2025,6,12,0,cloudy,55,32,87,163
14-09-2025,6,13,0,sunny,41,20,61,189
14-09-2025,6,14,0,cloudy,90,29,119,131
14-09-2025,6,15,0,sunny,46,14,60,190
14-09-2025,6,16,0,cloudy,91,24,115,135
14-09-2025,6,17,0,sunny,121,31,152,98
14-09-2025,6,18,0,cloudy,51,38,89,161
14-09-2025,6,19,0,sunny,47,25,72,178
14-09-2025,6,20,0,cloudy,91,0,91,159
14-09-2025,6,21,0,cloudy,72,0,72,178
14-09-2025,6,22,0,cloudy,86,0,86,164
14-09-2025,6,23,0,cloudy,70,0,70,180
15-09-2025,0,0,0,sunny,100,0,100,150
15-09-2025,0,1,0,sunny,76,0,76,174
15-09-2025,0,2,0,cloudy,81,0,81,169
15-09-2025,0,3,0,cloudy,90,0,90,160
15-09-2025,0,4,0,cloudy,46,0,46,204
15-09-2025,0,5,0,cloudy,48,0,48,202
15-09-2025,0,6,0,sunny,43,0,43,207
15-09-2025,0,7,0,sunny,43,15,58,192
15-09-2025,0,8,0,sunny,51,14,65,185
15-09-2025,0,9,0,cloudy,115,47,162,88
15-09-2025,0,10,0,sunny,104,54,158,92
15-09-2025,0,11,0,cloudy,89,54,143,107
15-09-2025,0,12,0,sunny,50,38,88,162
15-09-2025,0,13,0,sunny,80,36,116,134
15-09-2025,0,14,0,sunny,77,30,107,143
15-09-2025,0,15,0,sunny,71,40,111,139
15-09-2025,0,16,0,sunny,155,56,211,39
15-09-2025,0,17,0,cloudy,155,49,204,46
15-09-2025,0,18,0,cloudy,110,46,156,94
15-09-2025,0,19,0,cloudy,64,23,87,163
15-09-2025,0,20,0,cloudy,75,0,75,175
15-09-2025,0,21,0,cloudy,90,0,90,160
15-09-2025,0,22,0,cloudy,90,0,90,160
15-09-2025,0,23,0,sunny,96,0,96,154
16-09-2025,1,0,0,sunny,74,0,74,176
16-09-2025,1,1,0,cloudy,93,0,93,157
16-09-2025,1,2,0,cloudy,80,0,80,170
16-09-2025,1,3,0,cloudy,88,0,88,162
16-09-2025,1,4,0,cloudy,60,0,60,190
16-09-2025,1,5,0,sunny,49,0,49,201
16-09-2025,1,6,0,cloudy,44,0,44,206
16-09-2025,1,7,0,sunny,51,15,66,184
16-09-2025,1,8,0,cloudy,36,14,50,200
16-09-2025,1,9,0,cloudy,114,30,144,106
16-09-2025,1,10,0,sunny,112,71,183,67
16-09-2025,1,11,0,sunny,117,39,156,94
16-09-2025,1,12,0,sunny,72,55,127,123
16-09-2025,1,13,0,cloudy,60,17,77,173
16-09-2025,1,14,0,sunny,100,45,145,105
16-09-2025,1,15,0,cloudy,92,23,115,135
16-09-2025,1,16,0,sunny,155,39,194,56
16-09-2025,1,17,0,sunny,115,65,180,70
16-09-2025,1,18,0,rainy,67,51,118,132
16-09-2025,1,19,0,rainy,69,19,88,162
16-09-2025,1,20,0,rainy,73,0,73,177
16-09-2025,1,21,0,cloudy,94,0,94,156
16-09-2025,1,22,0,cloudy,82,0,82,168
16-09-2025,1,23,0,cloudy,84,0,84,166
17-09-2025,2,0,0,cloudy,88,0,88,162
17-09-2025,2,1,0,cloudy,75,0,75,175
17-09-2025,2,2,0,cloudy,74,0,74,176
17-09-2025,2,3,0,sunny,81,0,81,169
17-09-2025,2,4,0,sunny,45,0,45,205
17-09-2025,2,5,0,sunny,44,0,44,206
17-09-2025,2,6,0,sunny,48,0,48,202
17-09-2025,2,7,0,sunny,56,17,73,177
17-09-2025,2,8,0,sunny,55,24,79,171
17-09-2025,2,9,0,sunny,85,68,153,97
17-09-2025,2,10,0,sunny,138,46,184,66
17-09-2025,2,11,0,sunny,99,50,149,101
17-09-2025,2,12,0,sunny,60,33,93,157
17-09-2025,2,13,0,sunny,78,39,117,133
17-09-2025,2,14,0,sunny,119,37,156,94
17-09-2025,2,15,0,sunny,89,36,125,125
17-09-2025,2,16,0,sunny,89,62,151,99
17-09-2025,2,17,0,cloudy,108,62,170,80
17-09-2025,2,18,0,cloudy,105,53,158,92
17-09-2025,2,19,0,cloudy,48,26,74,176
17-09-2025,2,20,0,cloudy,78,0,78,172
17-09-2025,2,21,0,sunny,89,0,89,161
17-09-2025,2,22,0,cloudy,97,0,97,153
17-09-2025,2,23,0,sunny,74,0,74,176
18-09-2025,3,0,0,sunny,82,0,82,168
18-09-2025,3,1,0,cloudy,76,0,76,174
18-09-2025,3,2,0,cloudy,77,0,77,173
18-09-2025,3,3,0,sunny,74,0,74,176
18-09-2025,3,4,0,sunny,59,0,59,191
18-09-2025,3,5,0,cloudy,44,0,44,206
18-09-2025,3,6,0,cloudy,47,0,47,203
18-09-2025,3,7,0,cloudy,52,15,67,183
18-09-2025,3,8,0,sunny,39,22,61,189
18-09-2025,3,9,0,sunny,107,76,183,67
18-09-2025,3,10,0,sunny,119,62,181,69
18-09-2025,3,11,0,sunny,141,76,217,33
18-09-2025,3,12,0,sunny,52,25,77,173
18-09-2025,3,13,0,sunny,46,28,74,176
18-09-2025,3,14,0,sunny,118,53,171,79
18-09-2025,3,15,0,sunny,96,73,169,81
18-09-2025,3,16,0,sunny,164,41,205,45
18-09-2025,3,17,0,sunny,140,59,199,51
18-09-2025,3,18,0,sunny,84,51,135,115
18-09-2025,3,19,0,cloudy,65,25,90,160
18-09-2025,3,20,0,cloudy,87,0,87,163
18-09-2025,3,21,0,sunny,99,0,99,151
18-09-2025,3,22,0,sunny,90,0,90,160
18-09-2025,3,23,0,sunny,97,0,97,153
19-09-2025,4,0,0,sunny,75,0,75,175
19-09-2025,4,1,0,cloudy,89,0,89,161
19-09-2025,4,2,0,sunny,98,0,98,152
19-09-2025,4,3,0,cloudy,71,0,71,179
19-09-2025,4,4,0,cloudy,54,0,54,196
19-09-2025,4,5,0,sunny,52,0,52,198
19-09-2025,4,6,0,sunny,53,0,53,197
19-09-2025,4,7,0,sunny,52,30,82,168
19-09-2025,4,8,0,cloudy,79,22,101,149
19-09-2025,4,9,0,sunny,132,35,167,83
19-09-2025,4,10,0,sunny,136,70,206,44
19-09-2025,4,11,0,cloudy,112,49,161,89
19-09-2025,4,12,0,cloudy,64,49,113,137
19-09-2025,4,13,0,sunny,65,25,90,160
19-09-2025,4,14,0,sunny,129,32,161,89
19-09-2025,4,15,0,sunny,116,57,173,77
19-09-2025,4,16,0,cloudy,105,50,155,95
19-09-2025,4,17,0,sunny,117,58,175,75
19-09-2025,4,18,0,cloudy,110,42,152,98
19-09-2025,4,19,0,cloudy,68,21,89,161
19-09-2025,4,20,0,cloudy,86,0,86,164
19-09-2025,4,21,0,cloudy,82,0,82,168
19-09-2025,4,22,0,cloudy,97,0,97,153
19-09-2025,4,23,0,cloudy,88,0,88,162
20-09-2025,5,0,0,sunny,100,0,100,150
20-09-2025,5,1,0,sunny,74,0,74,176
20-09-2025,5,2,0,cloudy,70,0,70,180
20-09-2025,5,3,0,cloudy,73,0,73,177
20-09-2025,5,4,0,sunny,49,0,49,201
20-09-2025,5,5,0,sunny,52,0,52,198
20-09-2025,5,6,0,sunny,41,0,41,209
20-09-2025,5,7,0,sunny,23,18,41,209
20-09-2025,5,8,0,sunny,30,19,49,201
20-09-2025,5,9,0,sunny,61,47,108,142
20-09-2025,5,10,0,cloudy,63,34,97,153
20-09-2025,5,11,0,sunny,83,24,107,143
20-09-2025,5,12,0,cloudy,28,21,49,201
20-09-2025,5,13,0,sunny,47,26,73,177
20-09-2025,5,14,0,sunny,68,26,94,156
20-09-2025,5,15,0,sunny,64,51,115,135
20-09-2025,5,16,0,sunny,106,36,142,108
20-09-2025,5,17,0,sunny,97,56,153,97
20-09-2025,5,18,0,cloudy,83,54,137,113
20-09-2025,5,19,0,sunny,47,19,66,184
20-09-2025,5,20,0,sunny,72,0,72,178
20-09-2025,5,21,0,sunny,75,0,75,175
20-09-2025,5,22,0,cloudy,85,0,85,165
20-09-2025,5,23,0,cloudy,73,0,73,177
21-09-2025,6,0,1,cloudy,95,0,95,155
21-09-2025,6,1,1,cloudy,115,0,115,135
21-09-2025,6,2,1,cloudy,85,0,85,165
21-09-2025,6,3,1,sunny,97,0,97,153
21-09-2025,6,4,1,cloudy,48,0,48,202
21-09-2025,6,5,1,sunny,40,0,40,210
21-09-2025,6,6,1,cloudy,45,0,45,205
21-09-2025,6,7,1,cloudy,69,28,97,153
21-09-2025,6,8,1,cloudy,61,27,88,162
21-09-2025,6,9,1,cloudy,133,100,233,17
21-09-2025,6,10,1,cloudy,159,72,231,19
21-09-2025,6,11,1,rainy,153,83,236,14
21-09-2025,6,12,1,rainy,50,34,84,166
21-09-2025,6,13,1,rainy,61,41,102,148
21-09-2025,6,14,1,rainy,175,46,221,29
21-09-2025,6,15,1,cloudy,149,56,205,45
21-09-2025,6,16,1,sunny,146,104,250,0
21-09-2025,6,17,1,cloudy,129,100,229,21
21-09-2025,6,18,1,sunny,164,86,250,0
21-09-2025,6,19,1,cloudy,83,59,142,108
21-09-2025,6,20,1,cloudy,112,0,112,138
21-09-2025,6,21,1,sunny,98,0,98,152
21-09-2025,6,22,1,sunny,105,0,105,145
21-09-2025,6,23,1,cloudy,86,0,86,164
22-09-2025,0,0,1,sunny,127,0,127,123
22-09-2025,0,1,1,cloudy,102,0,102,148
22-09-2025,0,2,1,cloudy,115,0,115,135
22-09-2025,0,3,1,sunny,90,0,90,160
22-09-2025,0,4,1,sunny,42,0,42,208
22-09-2025,0,5,1,cloudy,56,0,56,194
22-09-2025,0,6,1,sunny,56,0,56,194
22-09-2025,0,7,1,cloudy,99,25,124,126
22-09-2025,0,8,1,sunny,108,50,158,92
22-09-2025,0,9,1,sunny,163,70,233,17
22-09-2025,0,10,1,sunny,156,94,250,0
22-09-2025,0,11,1,sunny,171,72,243,7
22-09-2025,0,12,1,sunny,133,44,177,73
22-09-2025,0,13,1,sunny,62,35,97,153
22-09-2025,0,14,1,cloudy,146,45,191,59
22-09-2025,0,15,1,sunny,154,78,232,18
22-09-2025,0,16,1,sunny,181,69,250,0
22-09-2025,0,17,1,sunny,158,64,222,28
22-09-2025,0,18,1,cloudy,188,62,250,0
22-09-2025,0,19,1,sunny,78,53,131,119
22-09-2025,0,20,1,cloudy,95,0,95,155
22-09-2025,0,21,1,sunny,139,0,139,111
22-09-2025,0,22,1,cloudy,105,0,105,145
22-09-2025,0,23,1,sunny,100,0,100,150
23-09-2025,1,0,1,rainy,112,0,112,138
23-09-2025,1,1,1,cloudy,119,0,119,131
23-09-2025,1,2,1,cloudy,89,0,89,161
23-09-2025,1,3,1,cloudy,136,0,136,114
23-09-2025,1,4,1,cloudy,51,0,51,199
23-09-2025,1,5,1,sunny,49,0,49,201
23-09-2025,1,6,1,cloudy,52,0,52,198
23-09-2025,1,7,1,sunny,83,44,127,123
23-09-2025,1,8,1,cloudy,76,41,117,133
23-09-2025,1,9,1,cloudy,114,76,190,60
23-09-2025,1,10,1,sunny,145,105,250,0
23-09-2025,1,11,1,sunny,197,53,250,0
23-09-2025,1,12,1,sunny,81,40,121,129
23-09-2025,1,13,1,cloudy,115,32,147,103
23-09-2025,1,14,1,sunny,175,59,234,16
23-09-2025,1,15,1,cloudy,107,86,193,57
23-09-2025,1,16,1,sunny,188,62,250,0
23-09-2025,1,17,1,sunny,192,52,244,6
23-09-2025,1,18,1,sunny,129,102,231,19
23-09-2025,1,19,1,cloudy,126,32,158,92
23-09-2025,1,20,1,rainy,110,0,110,140
23-09-2025,1,21,1,rainy,119,0,119,131
23-09-2025,1,22,1,rainy,126,0,126,124
23-09-2025,1,23,1,rainy,118,0,118,132
24-09-2025,2,0,1,cloudy,95,0,95,155
24-09-2025,2,1,1,cloudy,126,0,126,124
24-09-2025,2,2,1,cloudy,110,0,110,140
24-09-2025,2,3,1,cloudy,102,0,102,148
24-09-2025,2,4,1,sunny,49,0,49,201
24-09-2025,2,5,1,cloudy,40,0,40,210
24-09-2025,2,6,1,sunny,57,0,57,193
24-09-2025,2,7,1,cloudy,64,39,103,147
24-09-2025,2,8,1,cloudy,72,21,93,157
24-09-2025,2,9,1,cloudy,144,69,213,37
24-09-2025,2,10,1,sunny,156,94,250,0
24-09-2025,2,11,1,sunny,186,64,250,0
24-09-2025,2,12,1,sunny,124,37,161,89
24-09-2025,2,13,1,sunny,84,32,116,134
24-09-2025,2,14,1,sunny,135,108,243,7
24-09-2025,2,15,1,sunny,122,80,202,48
24-09-2025,2,16,1,sunny,193,57,250,0
24-09-2025,2,17,1,sunny,141,109,250,0
24-09-2025,2,18,1,sunny,194,56,250,0
24-09-2025,2,19,1,cloudy,104,51,155,95
24-09-2025,2,20,1,cloudy,105,0,105,145
24-09-2025,2,21,1,cloudy,83,0,83,167
24-09-2025,2,22,1,cloudy,107,0,107,143
24-09-2025,2,23,1,cloudy,97,0,97,153
25-09-2025,3,0,1,cloudy,114,0,114,136
25-09-2025,3,1,1,cloudy,85,0,85,165
25-09-2025,3,2,1,sunny,87,0,87,163
25-09-2025,3,3,1,cloudy,138,0,138,112
25-09-2025,3,4,1,cloudy,52,0,52,198
25-09-2025,3,5,1,sunny,47,0,47,203
25-09-2025,3,6,1,sunny,58,0,58,192
25-09-2025,3,7,1,cloudy,58,40,98,152
25-09-2025,3,8,1,sunny,123,33,156,94
25-09-2025,3,9,1,sunny,174,68,242,8
25-09-2025,3,10,1,sunny,150,97,247,3
25-09-2025,3,11,1,sunny,142,108,250,0
25-09-2025,3,12,1,sunny,53,42,95,155
25-09-2025,3,13,1,sunny,124,38,162,88
25-09-2025,3,14,1,sunny,130,97,227,23
25-09-2025,3,15,1,sunny,133,70,203,47
25-09-2025,3,16,1,sunny,157,93,250,0
25-09-2025,3,17,1,cloudy,137,105,242,8
25-09-2025,3,18,1,sunny,162,75,237,13
25-09-2025,3,19,1,cloudy,90,49,139,111
25-09-2025,3,20,1,cloudy,98,0,98,152
25-09-2025,3,21,1,sunny,116,0,116,134
25-09-2025,3,22,1,cloudy,104,0,104,146
25-09-2025,3,23,1,cloudy,135,0,135,115
26-09-2025,4,0,1,cloudy,93,0,93,157
26-09-2025,4,1,0,sunny,84,0,84,166
26-09-2025,4,2,0,cloudy,75,0,75,175
26-09-2025,4,3,0,cloudy,85,0,85,165
26-09-2025,4,4,0,cloudy,46,0,46,204
26-09-2025,4,5,0,cloudy,49,0,49,201
26-09-2025,4,6,0,sunny,50,0,50,200
26-09-2025,4,7,0,sunny,63,16,79,171
26-09-2025,4,8,0,sunny,51,23,74,176
26-09-2025,4,9,0,sunny,107,48,155,95
26-09-2025,4,10,0,sunny,133,76,209,41
26-09-2025,4,11,0,sunny,156,53,209,41
26-09-2025,4,12,0,sunny,91,31,122,128
26-09-2025,4,13,0,sunny,77,61,138,112
26-09-2025,4,14,0,sunny,88,66,154,96
26-09-2025,4,15,0,sunny,84,27,111,139
26-09-2025,4,16,0,sunny,125,90,215,35
26-09-2025,4,17,0,sunny,126,83,209,41
26-09-2025,4,18,0,cloudy,139,40,179,71
26-09-2025,4,19,0,sunny,53,40,93,157
26-09-2025,4,20,0,cloudy,80,0,80,170
26-09-2025,4,21,0,sunny,91,0,91,159
26-09-2025,4,22,0,sunny,100,0,100,150
26-09-2025,4,23,0,sunny,89,0,89,161
27-09-2025,5,0,0,rainy,77,0,77,173
27-09-2025,5,1,0,rainy,98,0,98,152
27-09-2025,5,2,0,rainy,81,0,81,169
27-09-2025,5,3,0,rainy,70,0,70,180
27-09-2025,5,4,0,cloudy,58,0,58,192
27-09-2025,5,5,0,cloudy,53,0,53,197
27-09-2025,5,6,0,cloudy,42,0,42,208
27-09-2025,5,7,0,cloudy,25,17,42,208
27-09-2025,5,8,0,cloudy,46,12,58,192
27-09-2025,5,9,0,sunny,38,22,60,190
27-09-2025,5,10,0,sunny,109,54,163,87
27-09-2025,5,11,0,sunny,91,49,140,110
27-09-2025,5,12,0,cloudy,42,16,58,192
27-09-2025,5,13,0,cloudy,49,19,68,182
27-09-2025,5,14,0,cloudy,52,26,78,172
27-09-2025,5,15,0,sunny,75,50,125,125
27-09-2025,5,16,0,cloudy,99,62,161,89
27-09-2025,5,17,0,cloudy,77,50,127,123
27-09-2025,5,18,0,cloudy,81,48,129,121
27-09-2025,5,19,0,rainy,29,8,37,213
27-09-2025,5,20,0,rainy,90,0,90,160
27-09-2025,5,21,0,rainy,95,0,95,155
27-09-2025,5,22,0,rainy,98,0,98,152
27-09-2025,5,23,0,rainy,82,0,82,168
28-09-2025,6,0,0,cloudy,86,0,86,164
28-09-2025,6,1,0,cloudy,81,0,81,169
28-09-2025,6,2,0,cloudy,73,0,73,177
28-09-2025,6,3,0,cloudy,84,0,84,166
28-09-2025,6,4,0,cloudy,56,0,56,194
28-09-2025,6,5,0,sunny,57,0,57,193
28-09-2025,6,6,0,sunny,47,0,47,203
28-09-2025,6,7,0,sunny,38,22,60,190
28-09-2025,6,8,0,cloudy,34,20,54,196
28-09-2025,6,9,0,sunny,72,45,117,133
28-09-2025,6,10,0,cloudy,71,20,91,159
28-09-2025,6,11,0,sunny,114,41,155,95
28-09-2025,6,12,0,sunny,42,13,55,195
28-09-2025,6,13,0,cloudy,48,17,65,185
28-09-2025,6,14,0,cloudy,38,15,53,197
28-09-2025,6,15,0,sunny,67,35,102,148
28-09-2025,6,16,0,cloudy,71,29,100,150
28-09-2025,6,17,0,sunny,76,29,105,145
28-09-2025,6,18,0,cloudy,60,20,80,170
28-09-2025,6,19,0,sunny,56,20,76,174
28-09-2025,6,20,0,cloudy,96,0,96,154
28-09-2025,6,21,0,cloudy,94,0,94,156
28-09-2025,6,22,0,sunny,72,0,72,178
28-09-2025,6,23,0,cloudy,86,0,86,164
29-09-2025,0,0,0,cloudy,97,0,97,153
29-09-2025,0,1,0,sunny,82,0,82,168
29-09-2025,0,2,0,sunny,100,0,100,150
29-09-2025,0,3,0,cloudy,79,0,79,171
29-09-2025,0,4,0,cloudy,50,0,50,200
29-09-2025,0,5,0,cloudy,55,0,55,195
29-09-2025,0,6,0,cloudy,51,0,51,199
29-09-2025,0,7,0,rainy,48,18,66,184
29-09-2025,0,8,0,rainy,23,17,40,210
29-09-2025,0,9,0,rainy,97,35,132,118
29-09-2025,0,10,0,rainy,69,45,114,136
29-09-2025,0,11,0,rainy,92,61,153,97
29-09-2025,0,12,0,rainy,40,12,52,198
29-09-2025,0,13,0,cloudy,53,37,90,160
29-09-2025,0,14,0,sunny,93,60,153,97
29-09-2025,0,15,0,sunny,87,46,133,117
29-09-2025,0,16,0,sunny,88,70,158,92
29-09-2025,0,17,0,cloudy,133,35,168,82
29-09-2025,0,18,0,cloudy,107,42,149,101
29-09-2025,0,19,0,cloudy,68,41,109,141
29-09-2025,0,20,0,cloudy,90,0,90,160
29-09-2025,0,21,0,sunny,89,0,89,161
29-09-2025,0,22,0,cloudy,93,0,93,157
29-09-2025,0,23,0,cloudy,82,0,82,168
30-09-2025,1,0,0,cloudy,70,0,70,180
30-09-2025,1,1,0,cloudy,72,0,72,178
30-09-2025,1,2,0,sunny,76,0,76,174
30-09-2025,1,3,0,cloudy,93,0,93,157
30-09-2025,1,4,0,sunny,50,0,50,200
30-09-2025,1,5,0,cloudy,42,0,42,208
30-09-2025,1,6,0,sunny,40,0,40,210
30-09-2025,1,7,0,sunny,73,28,101,149
30-09-2025,1,8,0,cloudy,60,30,90,160
30-09-2025,1,9,0,sunny,77,43,120,130
30-09-2025,1,10,0,sunny,107,55,162,88
30-09-2025,1,11,0,cloudy,99,56,155,95
30-09-2025,1,12,0,sunny,61,18,79,171
30-09-2025,1,13,0,sunny,65,29,94,156
30-09-2025,1,14,0,sunny,110,35,145,105
30-09-2025,1,15,0,cloudy,53,42,95,155
30-09-2025,1,16,0,sunny,133,51,184,66
30-09-2025,1,17,0,sunny,115,63,178,72
30-09-2025,1,18,0,cloudy,119,54,173,77
30-09-2025,1,19,0,cloudy,60,19,79,171
30-09-2025,1,20,0,cloudy,98,0,98,152
30-09-2025,1,21,0,sunny,73,0,73,177
30-09-2025,1,22,0,cloudy,92,0,92,158
30-09-2025,1,23,0,sunny,78,0,78,172
01-10-2025,2,0,0,sunny,99,0,99,151
01-10-2025,2,1,0,cloudy,77,0,77,173
01-10-2025,2,2,0,cloudy,75,0,75,175
01-10-2025,2,3,0,cloudy,70,0,70,180
01-10-2025,2,4,0,cloudy,58,0,58,192
01-10-2025,2,5,0,sunny,42,0,42,208
01-10-2025,2,6,0,sunny,60,0,60,190
01-10-2025,2,7,0,cloudy,59,36,95,155
01-10-2025,2,8,0,sunny,55,34,89,161
01-10-2025,2,9,0,cloudy,70,23,93,157
01-10-2025,2,10,0,sunny,155,56,211,39
01-10-2025,2,11,0,cloudy,112,48,160,90
01-10-2025,2,12,0,sunny,70,43,113,137
01-10-2025,2,13,0,sunny,58,25,83,167
01-10-2025,2,14,0,cloudy,109,46,155,95
01-10-2025,2,15,0,sunny,101,32,133,117
01-10-2025,2,16,0,sunny,116,71,187,63
01-10-2025,2,17,0,sunny,118,66,184,66
01-10-2025,2,18,0,cloudy,113,89,202,48
01-10-2025,2,19,0,cloudy,66,29,95,155
01-10-2025,2,20,0,cloudy,83,0,83,167
01-10-2025,2,21,0,sunny,71,0,71,179
01-10-2025,2,22,0,sunny,89,0,89,161
01-10-2025,2,23,0,cloudy,71,0,71,179
02-10-2025,3,0,0,cloudy,90,0,90,160
02-10-2025,3,1,0,sunny,96,0,96,154
02-10-2025,3,2,0,cloudy,77,0,77,173
02-10-2025,3,3,0,sunny,73,0,73,177
02-10-2025,3,4,0,cloudy,56,0,56,194
02-10-2025,3,5,0,sunny,44,0,44,206
02-10-2025,3,6,0,sunny,58,0,58,192
02-10-2025,3,7,0,cloudy,52,33,85,165
02-10-2025,3,8,0,sunny,44,30,74,176
02-10-2025,3,9,0,sunny,140,38,178,72
02-10-2025,3,10,0,sunny,113,60,173,77
02-10-2025,3,11,0,sunny,140,51,191,59
02-10-2025,3,12,0,sunny,84,40,124,126
02-10-2025,3,13,0,sunny,53,23,76,174
02-10-2025,3,14,0,sunny,69,43,112,138
02-10-2025,3,15,0,cloudy,100,60,160,90
02-10-2025,3,16,0,cloudy,118,81,199,51
02-10-2025,3,17,0,sunny,104,47,151,99
02-10-2025,3,18,0,cloudy,113,57,170,80
02-10-2025,3,19,0,cloudy,56,15,71,179
02-10-2025,3,20,0,cloudy,79,0,79,171
02-10-2025,3,21,0,cloudy,71,0,71,179
02-10-2025,3,22,0,cloudy,89,0,89,161
02-10-2025,3,23,0,sunny,90,0,90,160
03-10-2025,4,0,0,cloudy,82,0,82,168
03-10-2025,4,1,0,cloudy,70,0,70,180
03-10-2025,4,2,0,cloudy,84,0,84,166
03-10-2025,4,3,0,cloudy,85,0,85,165
03-10-2025,4,4,0,sunny,41,0,41,209
03-10-2025,4,5,0,sunny,52,0,52,198
03-10-2025,4,6,0,sunny,56,0,56,194
03-10-2025,4,7,0,sunny,50,22,72,178
03-10-2025,4,8,0,sunny,42,17,59,191
03-10-2025,4,9,0,sunny,96,27,123,127
03-10-2025,4,10,0,sunny,91,65,156,94
03-10-2025,4,11,0,sunny,115,31,146,104
03-10-2025,4,12,0,sunny,59,44,103,147
03-10-2025,4,13,0,cloudy,70,19,89,161
03-10-2025,4,14,0,cloudy,111,42,153,97
03-10-2025,4,15,0,sunny,80,53,133,117
03-10-2025,4,16,0,sunny,111,80,191,59
03-10-2025,4,17,0,cloudy,110,42,152,98
03-10-2025,4,18,0,cloudy,145,59,204,46
03-10-2025,4,19,0,cloudy,70,35,105,145
03-10-2025,4,20,0,cloudy,90,0,90,160
03-10-2025,4,21,0,cloudy,95,0,95,155
03-10-2025,4,22,0,sunny,81,0,81,169
03-10-2025,4,23,0,cloudy,79,0,79,171
04-10-2025,5,0,0,sunny,71,0,71,179
04-10-2025,5,1,0,cloudy,79,0,79,171
04-10-2025,5,2,0,sunny,91,0,91,159
04-10-2025,5,3,0,sunny,99,0,99,151
04-10-2025,5,4,0,sunny,41,0,41,209
04-10-2025,5,5,0,sunny,45,0,45,205
04-10-2025,5,6,0,sunny,46,0,46,204
04-10-2025,5,7,0,sunny,32,18,50,200
04-10-2025,5,8,0,sunny,50,17,67,183
04-10-2025,5,9,0,sunny,69,32,101,149
04-10-2025,5,10,0,sunny,110,54,164,86
04-10-2025,5,11,0,sunny,124,31,155,95
04-10-2025,5,12,0,sunny,54,31,85,165
04-10-2025,5,13,0,sunny,59,38,97,153
04-10-2025,5,14,0,sunny,74,51,125,125
04-10-2025,5,15,0,cloudy,56,21,77,173
04-10-2025,5,16,0,sunny,82,32,114,136
04-10-2025,5,17,0,cloudy,66,23,89,161
04-10-2025,5,18,0,cloudy,94,55,149,101
04-10-2025,5,19,0,cloudy,72,21,93,157
04-10-2025,5,20,0,cloudy,98,0,98,152
04-10-2025,5,21,0,cloudy,81,0,81,169
04-10-2025,5,22,0,cloudy,84,0,84,166
04-10-2025,5,23,0,sunny,92,0,92,158
05-10-2025,6,0,0,cloudy,92,0,92,158
05-10-2025,6,1,0,cloudy,93,0,93,157
05-10-2025,6,2,0,sunny,96,0,96,154
05-10-2025,6,3,0,cloudy,71,0,71,179
05-10-2025,6,4,0,sunny,58,0,58,192
05-10-2025,6,5,0,sunny,47,0,47,203
05-10-2025,6,6,0,cloudy,51,0,51,199
05-10-2025,6,7,0,sunny,51,15,66,184
05-10-2025,6,8,0,sunny,21,14,35,215
05-10-2025,6,9,0,sunny,89,31,120,130
05-10-2025,6,10,0,sunny,62,37,99,151
05-10-2025,6,11,0,sunny,105,44,149,101
05-10-2025,6,12,0,sunny,48,12,60,190
05-10-2025,6,13,0,sunny,54,31,85,165
05-10-2025,6,14,0,sunny,39,22,61,189
05-10-2025,6,15,0,sunny,73,33,106,144
05-10-2025,6,16,0,sunny,90,58,148,102
05-10-2025,6,17,0,sunny,77,52,129,121
05-10-2025,6,18,0,sunny,80,32,112,138
05-10-2025,6,19,0,cloudy,35,16,51,199
05-10-2025,6,20,0,sunny,100,0,100,150
05-10-2025,6,21,0,sunny,93,0,93,157
05-10-2025,6,22,0,sunny,88,0,88,162
05-10-2025,6,23,0,sunny,98,0,98,152
06-10-2025,0,0,0,cloudy,87,0,87,163
06-10-2025,0,1,0,cloudy,74,0,74,176
06-10-2025,0,2,0,cloudy,90,0,90,160
06-10-2025,0,3,0,cloudy,100,0,100,150
06-10-2025,0,4,0,sunny,53,0,53,197
06-10-2025,0,5,0,cloudy,49,0,49,201
06-10-2025,0,6,0,cloudy,56,0,56,194
06-10-2025,0,7,0,sunny,32,24,56,194
06-10-2025,0,8,0,sunny,77,31,108,142
06-10-2025,0,9,0,sunny,102,33,135,115
06-10-2025,0,10,0,sunny,126,89,215,35
06-10-2025,0,11,0,sunny,99,64,163,87
06-10-2025,0,12,0,cloudy,63,16,79,171
06-10-2025,0,13,0,sunny,61,45,106,144
06-10-2025,0,14,0,sunny,126,49,175,75
06-10-2025,0,15,0,sunny,100,47,147,103
06-10-2025,0,16,0,sunny,94,71,165,85
06-10-2025,0,17,0,sunny,115,31,146,104
06-10-2025,0,18,0,sunny,134,48,182,68
06-10-2025,0,19,0,sunny,66,19,85,165
06-10-2025,0,20,0,sunny,70,0,70,180
06-10-2025,0,21,0,cloudy,87,0,87,163
06-10-2025,0,22,0,sunny,77,0,77,173
06-10-2025,0,23,0,cloudy,80,0,80,170
07-10-2025,1,0,0,cloudy,81,0,81,169
07-10-2025,1,1,0,cloudy,70,0,70,180
07-10-2025,1,2,0,sunny,70,0,70,180
07-10-2025,1,3,0,sunny,73,0,73,177
07-10-2025,1,4,0,cloudy,42,0,42,208
07-10-2025,1,5,0,cloudy,59,0,59,191
07-10-2025,1,6,0,sunny,59,0,59,191
07-10-2025,1,7,0,sunny,57,29,86,164
07-10-2025,1,8,0,sunny,55,41,96,154
07-10-2025,1,9,0,sunny,103,29,132,118
07-10-2025,1,10,0,cloudy,124,60,184,66
07-10-2025,1,11,0,sunny,96,64,160,90
07-10-2025,1,12,0,sunny,85,38,123,127
07-10-2025,1,13,0,sunny,77,43,120,130
07-10-2025,1,14,0,sunny,115,58,173,77
07-10-2025,1,15,0,sunny,119,41,160,90
07-10-2025,1,16,0,sunny,116,84,200,50
07-10-2025,1,17,0,sunny,145,46,191,59
07-10-2025,1,18,0,cloudy,144,47,191,59
07-10-2025,1,19,0,cloudy,50,14,64,186
07-10-2025,1,20,0,cloudy,98,0,98,152
07-10-2025,1,21,0,cloudy,77,0,77,173
07-10-2025,1,22,0,sunny,96,0,96,154
07-10-2025,1,23,0,cloudy,84,0,84,166
08-10-2025,2,0,0,cloudy,90,0,90,160
08-10-2025,2,1,0,cloudy,81,0,81,169
08-10-2025,2,2,0,cloudy,80,0,80,170
08-10-2025,2,3,0,sunny,79,0,79,171
08-10-2025,2,4,0,cloudy,42,0,42,208
08-10-2025,2,5,0,cloudy,47,0,47,203
08-10-2025,2,6,0,sunny,47,0,47,203
08-10-2025,2,7,0,sunny,81,27,108,142
08-10-2025,2,8,0,sunny,82,23,105,145
08-10-2025,2,9,0,sunny,89,67,156,94
08-10-2025,2,10,0,sunny,148,69,217,33
08-10-2025,2,11,0,cloudy,122,39,161,89
08-10-2025,2,12,0,sunny,69,29,98,152
08-10-2025,2,13,0,sunny,73,56,129,121
08-10-2025,2,14,0,sunny,81,26,107,143
08-10-2025,2,15,0,sunny,79,39,118,132
08-10-2025,2,16,0,sunny,113,65,178,72
08-10-2025,2,17,0,sunny,104,59,163,87
08-10-2025,2,18,0,sunny,128,67,195,55
08-10-2025,2,19,0,sunny,60,29,89,161
08-10-2025,2,20,0,cloudy,80,0,80,170
08-10-2025,2,21,0,sunny,89,0,89,161
08-10-2025,2,22,0,sunny,79,0,79,171
08-10-2025,2,23,0,sunny,80,0,80,170
09-10-2025,3,0,0,sunny,80,0,80,170
09-10-2025,3,1,0,sunny,83,0,83,167
09-10-2025,3,2,0,cloudy,76,0,76,174
09-10-2025,3,3,0,cloudy,99,0,99,151
09-10-2025,3,4,0,cloudy,50,0,50,200
09-10-2025,3,5,0,sunny,53,0,53,197
09-10-2025,3,6,0,sunny,46,0,46,204
09-10-2025,3,7,0,sunny,46,30,76,174
09-10-2025,3,8,0,cloudy,56,31,87,163
09-10-2025,3,9,0,sunny,101,63,164,86
09-10-2025,3,10,0,sunny,128,64,192,58
09-10-2025,3,11,0,sunny,128,64,192,58
09-10-2025,3,12,0,sunny,62,47,109,141
09-10-2025,3,13,0,sunny,77,24,101,149
09-10-2025,3,14,0,sunny,108,49,157,93
09-10-2025,3,15,0,sunny,100,30,130,120
09-10-2025,3,16,0,sunny,152,63,215,35
09-10-2025,3,17,0,cloudy,115,46,161,89
09-10-2025,3,18,0,cloudy,118,63,181,69
09-10-2025,3,19,0,cloudy,83,21,104,146
09-10-2025,3,20,0,sunny,76,0,76,174
09-10-2025,3,21,0,cloudy,87,0,87,163
09-10-2025,3,22,0,sunny,89,0,89,161
09-10-2025,3,23,0,sunny,71,0,71,179
10-10-2025,4,0,0,cloudy,92,0,92,158
10-10-2025,4,1,0,sunny,76,0,76,174
10-10-2025,4,2,0,cloudy,75,0,75,175
10-10-2025,4,3,0,sunny,82,0,82,168
10-10-2025,4,4,0,cloudy,47,0,47,203
10-10-2025,4,5,0,sunny,56,0,56,194
10-10-2025,4,6,0,sunny,52,0,52,198
10-10-2025,4,7,0,sunny,39,25,64,186
10-10-2025,4,8,0,sunny,56,29,85,165
10-10-2025,4,9,0,sunny,85,57,142,108
10-10-2025,4,10,0,cloudy,103,36,139,111
10-10-2025,4,11,0,sunny,161,53,214,36
10-10-2025,4,12,0,sunny,60,48,108,142
10-10-2025,4,13,0,cloudy,48,23,71,179
10-10-2025,4,14,0,sunny,100,69,169,81
10-10-2025,4,15,0,sunny,100,41,141,109
10-10-2025,4,16,0,sunny,169,46,215,35
10-10-2025,4,17,0,cloudy,93,65,158,92
10-10-2025,4,18,0,cloudy,136,50,186,64
10-10-2025,4,19,0,sunny,46,28,74,176
10-10-2025,4,20,0,sunny,93,0,93,157
10-10-2025,4,21,0,sunny,81,0,81,169
10-10-2025,4,22,0,sunny,94,0,94,156
10-10-2025,4,23,0,cloudy,81,0,81,169
11-10-2025,5,0,0,sunny,95,0,95,155
11-10-2025,5,1,0,cloudy,75,0,75,175
11-10-2025,5,2,0,cloudy,76,0,76,174
11-10-2025,5,3,0,sunny,93,0,93,157
11-10-2025,5,4,0,cloudy,53,0,53,197
11-10-2025,5,5,0,cloudy,60,0,60,190
11-10-2025,5,6,0,sunny,52,0,52,198
11-10-2025,5,7,0,sunny,23,9,32,218
11-10-2025,5,8,0,sunny,20,11,31,219
11-10-2025,5,9,0,sunny,43,22,65,185
11-10-2025,5,10,0,sunny,114,58,172,78
11-10-2025,5,11,0,cloudy,78,43,121,129
11-10-2025,5,12,0,sunny,38,29,67,183
11-10-2025,5,13,0,sunny,37,24,61,189
11-10-2025,5,14,0,cloudy,79,38,117,133
11-10-2025,5,15,0,sunny,60,36,96,154
11-10-2025,5,16,0,sunny,91,27,118,132
11-10-2025,5,17,0,sunny,120,36,156,94
11-10-2025,5,18,0,cloudy,80,29,109,141
11-10-2025,5,19,0,cloudy,36,8,44,206
11-10-2025,5,20,0,cloudy,91,0,91,159
11-10-2025,5,21,0,cloudy,93,0,93,157
11-10-2025,5,22,0,cloudy,88,0,88,162
11-10-2025,5,23,0,cloudy,100,0,100,150
12-10-2025,6,0,0,sunny,83,0,83,167
12-10-2025,6,1,0,cloudy,92,0,92,158
12-10-2025,6,2,0,rainy,77,0,77,173
12-10-2025,6,3,0,rainy,73,0,73,177
12-10-2025,6,4,0,rainy,48,0,48,202
12-10-2025,6,5,0,rainy,56,0,56,194
12-10-2025,6,6,0,rainy,42,0,42,208
12-10-2025,6,7,0,rainy,11,7,18,232
12-10-2025,6,8,0,rainy,16,8,24,226
12-10-2025,6,9,0,rainy,76,31,107,143
12-10-2025,6,10,0,sunny,99,69,168,82
12-10-2025,6,11,0,cloudy,61,17,78,172
12-10-2025,6,12,0,cloudy,49,34,83,167
12-10-2025,6,13,0,sunny,41,17,58,192
12-10-2025,6,14,0,sunny,71,20,91,159
12-10-2025,6,15,0,cloudy,48,12,60,190
12-10-2025,6,16,0,sunny,84,46,130,120
12-10-2025,6,17,0,cloudy,99,26,125,125
12-10-2025,6,18,0,cloudy,108,34,142,108
12-10-2025,6,19,0,cloudy,38,21,59,191
12-10-2025,6,20,0,cloudy,82,0,82,168
12-10-2025,6,21,0,cloudy,72,0,72,178
12-10-2025,6,22,0,cloudy,100,0,100,150
12-10-2025,6,23,0,sunny,90,0,90,160
13-10-2025,0,0,0,rainy,97,0,97,153
13-10-2025,0,1,0,rainy,97,0,97,153
13-10-2025,0,2,0,sunny,84,0,84,166
13-10-2025,0,3,0,cloudy,99,0,99,151
13-10-2025,0,4,0,cloudy,52,0,52,198
13-10-2025,0,5,0,cloudy,59,0,59,191
13-10-2025,0,6,0,cloudy,51,0,51,199
13-10-2025,0,7,0,cloudy,36,19,55,195
13-10-2025,0,8,0,cloudy,65,19,84,166
13-10-2025,0,9,0,cloudy,100,58,158,92
13-10-2025,0,10,0,sunny,107,77,184,66
13-10-2025,0,11,0,sunny,98,70,168,82
13-10-2025,0,12,0,cloudy,112,30,142,108
13-10-2025,0,13,0,cloudy,50,21,71,179
13-10-2025,0,14,0,sunny,130,40,170,80
13-10-2025,0,15,0,sunny,85,41,126,124
13-10-2025,0,16,0,cloudy,118,51,169,81
13-10-2025,0,17,0,sunny,101,74,175,75
13-10-2025,0,18,0,cloudy,109,65,174,76
13-10-2025,0,19,0,sunny,65,23,88,162
13-10-2025,0,20,0,cloudy,91,0,91,159
13-10-2025,0,21,0,cloudy,70,0,70,180
13-10-2025,0,22,0,rainy,93,0,93,157
13-10-2025,0,23,0,rainy,87,0,87,163
14-10-2025,1,0,0,sunny,75,0,75,175
14-10-2025,1,1,0,sunny,85,0,85,165
14-10-2025,1,2,0,cloudy,100,0,100,150
14-10-2025,1,3,0,sunny,79,0,79,171
14-10-2025,1,4,0,cloudy,40,0,40,210
14-10-2025,1,5,0,cloudy,50,0,50,200
14-10-2025,1,6,0,sunny,41,0,41,209
14-10-2025,1,7,0,cloudy,21,15,36,214
14-10-2025,1,8,0,sunny,45,18,63,187
14-10-2025,1,9,0,sunny,79,29,108,142
14-10-2025,1,10,0,sunny,119,44,163,87
14-10-2025,1,11,0,sunny,120,57,177,73
14-10-2025,1,12,0,sunny,98,31,129,121
14-10-2025,1,13,0,cloudy,59,30,89,161
14-10-2025,1,14,0,sunny,105,46,151,99
14-10-2025,1,15,0,cloudy,75,19,94,156
14-10-2025,1,16,0,sunny,123,35,158,92
14-10-2025,1,17,0,sunny,106,58,164,86
14-10-2025,1,18,0,cloudy,73,57,130,120
14-10-2025,1,19,0,cloudy,60,17,77,173
14-10-2025,1,20,0,sunny,78,0,78,172
14-10-2025,1,21,0,sunny,80,0,80,170
14-10-2025,1,22,0,cloudy,99,0,99,151
14-10-2025,1,23,0,cloudy,88,0,88,162
15-10-2025,2,0,0,sunny,75,0,75,175
15-10-2025,2,1,0,sunny,89,0,89,161
15-10-2025,2,2,0,cloudy,92,0,92,158
15-10-2025,2,3,0,sunny,82,0,82,168
15-10-2025,2,4,0,sunny,48,0,48,202
15-10-2025,2,5,0,sunny,43,0,43,207
15-10-2025,2,6,0,sunny,49,0,49,201
15-10-2025,2,7,0,sunny,74,28,102,148
15-10-2025,2,8,0,sunny,44,26,70,180
15-10-2025,2,9,0,sunny,86,30,116,134
15-10-2025,2,10,0,sunny,149,60,209,41
15-10-2025,2,11,0,sunny,118,85,203,47
15-10-2025,2,12,0,cloudy,60,29,89,161
15-10-2025,2,13,0,sunny,52,19,71,179
15-10-2025,2,14,0,cloudy,90,54,144,106
15-10-2025,2,15,0,sunny,106,40,146,104
15-10-2025,2,16,0,sunny,128,48,176,74
15-10-2025,2,17,0,sunny,129,88,217,33
15-10-2025,2,18,0,cloudy,124,56,180,70
15-10-2025,2,19,0,cloudy,62,26,88,162
15-10-2025,2,20,0,cloudy,77,0,77,173
15-10-2025,2,21,0,cloudy,96,0,96,154
15-10-2025,2,22,0,cloudy,87,0,87,163
15-10-2025,2,23,0,cloudy,88,0,88,162
16-10-2025,3,0,0,sunny,100,0,100,150
16-10-2025,3,1,0,cloudy,91,0,91,159
16-10-2025,3,2,0,cloudy,74,0,74,176
16-10-2025,3,3,0,sunny,79,0,79,171
16-10-2025,3,4,0,sunny,47,0,47,203
16-10-2025,3,5,0,cloudy,40,0,40,210
16-10-2025,3,6,0,sunny,47,0,47,203
16-10-2025,3,7,0,sunny,50,32,82,168
16-10-2025,3,8,0,cloudy,36,24,60,190
16-10-2025,3,9,0,sunny,129,45,174,76
16-10-2025,3,10,0,sunny,115,58,173,77
16-10-2025,3,11,0,sunny,103,63,166,84
16-10-2025,3,12,0,sunny,59,16,75,175
16-10-2025,3,13,0,sunny,57,37,94,156
16-10-2025,3,14,0,sunny,101,45,146,104
16-10-2025,3,15,0,sunny,86,68,154,96
16-10-2025,3,16,0,sunny,88,62,150,100
16-10-2025,3,17,0,sunny,142,45,187,63
16-10-2025,3,18,0,cloudy,112,55,167,83
16-10-2025,3,19,0,sunny,46,27,73,177
16-10-2025,3,20,0,cloudy,83,0,83,167
16-10-2025,3,21,0,sunny,89,0,89,161
16-10-2025,3,22,0,cloudy,91,0,91,159
16-10-2025,3,23,0,cloudy,96,0,96,154
17-10-2025,4,0,0,sunny,90,0,90,160
17-10-2025,4,1,0,cloudy,88,0,88,162
17-10-2025,4,2,0,sunny,71,0,71,179
17-10-2025,4,3,0,sunny,88,0,88,162
17-10-2025,4,4,0,cloudy,56,0,56,194
17-10-2025,4,5,0,sunny,56,0,56,194
17-10-2025,4,6,0,sunny,42,0,42,208
17-10-2025,4,7,0,sunny,39,20,59,191
17-10-2025,4,8,0,sunny,42,32,74,176
17-10-2025,4,9,0,sunny,98,48,146,104
17-10-2025,4,10,0,cloudy,94,58,152,98
17-10-2025,4,11,0,sunny,120,85,205,45
17-10-2025,4,12,0,sunny,99,28,127,123
17-10-2025,4,13,0,sunny,66,38,104,146
17-10-2025,4,14,0,sunny,119,35,154,96
17-10-2025,4,15,0,sunny,105,57,162,88
17-10-2025,4,16,0,sunny,133,69,202,48
17-10-2025,4,17,0,sunny,116,54,170,80
17-10-2025,4,18,0,sunny,134,64,198,52
17-10-2025,4,19,0,cloudy,106,36,142,108
17-10-2025,4,20,0,cloudy,74,0,74,176
17-10-2025,4,21,0,sunny,75,0,75,175
17-10-2025,4,22,0,cloudy,70,0,70,180
17-10-2025,4,23,0,cloudy,81,0,81,169
18-10-2025,5,0,0,sunny,100,0,100,150
18-10-2025,5,1,0,cloudy,77,0,77,173
18-10-2025,5,2,0,sunny,96,0,96,154
18-10-2025,5,3,0,sunny,94,0,94,156
18-10-2025,5,4,0,sunny,60,0,60,190
18-10-2025,5,5,0,sunny,50,0,50,200
18-10-2025,5,6,0,sunny,53,0,53,197
18-10-2025,5,7,0,sunny,31,13,44,206
18-10-2025,5,8,0,sunny,32,19,51,199
18-10-2025,5,9,0,cloudy,48,26,74,176
18-10-2025,5,10,0,sunny,61,48,109,141
18-10-2025,5,11,0,sunny,102,74,176,74
18-10-2025,5,12,0,sunny,47,25,72,178
18-10-2025,5,13,0,sunny,42,17,59,191
18-10-2025,5,14,0,cloudy,32,16,48,202
18-10-2025,5,15,0,cloudy,79,32,111,139
18-10-2025,5,16,0,sunny,118,33,151,99
18-10-2025,5,17,0,sunny,87,37,124,126
18-10-2025,5,18,0,cloudy,51,37,88,162
18-10-2025,5,19,0,sunny,37,20,57,193
18-10-2025,5,20,0,cloudy,76,0,76,174
18-10-2025,5,21,0,cloudy,78,0,78,172
18-10-2025,5,22,0,cloudy,96,0,96,154
18-10-2025,5,23,0,sunny,79,0,79,171
19-10-2025,6,0,0,cloudy,98,0,98,152
19-10-2025,6,1,0,sunny,91,0,91,159
19-10-2025,6,2,0,sunny,78,0,78,172
19-10-2025,6,3,0,sunny,70,0,70,180
19-10-2025,6,4,0,cloudy,51,0,51,199
19-10-2025,6,5,0,sunny,45,0,45,205
19-10-2025,6,6,0,sunny,49,0,49,201
19-10-2025,6,7,0,sunny,65,18,83,167
19-10-2025,6,8,0,sunny,32,19,51,199
19-10-2025,6,9,0,cloudy,76,21,97,153
19-10-2025,6,10,0,sunny,70,43,113,137
19-10-2025,6,11,0,sunny,85,36,121,129
19-10-2025,6,12,0,cloudy,35,21,56,194
19-10-2025,6,13,0,sunny,35,21,56,194
19-10-2025,6,14,0,sunny,47,29,76,174
19-10-2025,6,15,0,sunny,77,20,97,153
19-10-2025,6,16,0,sunny,77,23,100,150
19-10-2025,6,17,0,sunny,105,32,137,113
19-10-2025,6,18,0,sunny,74,37,111,139
19-10-2025,6,19,0,cloudy,72,23,95,155
19-10-2025,6,20,0,cloudy,82,0,82,168
19-10-2025,6,21,0,cloudy,93,0,93,157
19-10-2025,6,22,0,cloudy,70,0,70,180
19-10-2025,6,23,0,cloudy,71,0,71,179
20-10-2025,0,0,0,cloudy,97,0,97,153
20-10-2025,0,1,0,cloudy,82,0,82,168
20-10-2025,0,2,0,sunny,95,0,95,155
20-10-2025,0,3,0,cloudy,89,0,89,161
20-10-2025,0,4,0,cloudy,55,0,55,195
20-10-2025,0,5,0,cloudy,49,0,49,201
20-10-2025,0,6,0,cloudy,56,0,56,194
20-10-2025,0,7,0,sunny,40,18,58,192
20-10-2025,0,8,0,sunny,56,34,90,160
20-10-2025,0,9,0,sunny,129,38,167,83
20-10-2025,0,10,0,sunny,91,41,132,118
20-10-2025,0,11,0,sunny,107,60,167,83
20-10-2025,0,12,0,sunny,84,32,116,134
20-10-2025,0,13,0,sunny,73,19,92,158
20-10-2025,0,14,0,cloudy,118,29,147,103
20-10-2025,0,15,0,cloudy,109,41,150,100
20-10-2025,0,16,0,sunny,108,54,162,88
20-10-2025,0,17,0,sunny,130,54,184,66
20-10-2025,0,18,0,cloudy,124,56,180,70
20-10-2025,0,19,0,cloudy,72,22,94,156
20-10-2025,0,20,0,sunny,75,0,75,175
20-10-2025,0,21,0,sunny,96,0,96,154
20-10-2025,0,22,0,cloudy,100,0,100,150
20-10-2025,0,23,0,cloudy,84,0,84,166
21-10-2025,1,0,0,cloudy,98,0,98,152
21-10-2025,1,1,0,sunny,73,0,73,177
21-10-2025,1,2,0,cloudy,84,0,84,166
21-10-2025,1,3,0,cloudy,72,0,72,178
21-10-2025,1,4,0,cloudy,47,0,47,203
21-10-2025,1,5,0,sunny,58,0,58,192
21-10-2025,1,6,0,cloudy,47,0,47,203
21-10-2025,1,7,0,sunny,73,44,117,133
21-10-2025,1,8,0,sunny,44,29,73,177
21-10-2025,1,9,0,cloudy,107,33,140,110
21-10-2025,1,10,0,sunny,135,64,199,51
21-10-2025,1,11,0,cloudy,95,32,127,123
21-10-2025,1,12,0,sunny,46,30,76,174
21-10-2025,1,13,0,sunny,77,55,132,118
21-10-2025,1,14,0,sunny,74,52,126,124
21-10-2025,1,15,0,sunny,90,37,127,123
21-10-2025,1,16,0,sunny,122,96,218,32
21-10-2025,1,17,0,sunny,91,65,156,94
21-10-2025,1,18,0,cloudy,132,65,197,53
21-10-2025,1,19,0,cloudy,57,37,94,156
21-10-2025,1,20,0,cloudy,95,0,95,155
21-10-2025,1,21,0,cloudy,90,0,90,160
21-10-2025,1,22,0,cloudy,88,0,88,162
21-10-2025,1,23,0,sunny,70,0,70,180
22-10-2025,2,0,0,cloudy,80,0,80,170
22-10-2025,2,1,0,sunny,76,0,76,174
22-10-2025,2,2,0,cloudy,75,0,75,175
22-10-2025,2,3,0,cloudy,90,0,90,160
22-10-2025,2,4,0,sunny,45,0,45,205
22-10-2025,2,5,0,sunny,48,0,48,202
22-10-2025,2,6,0,sunny,49,0,49,201
22-10-2025,2,7,0,sunny,58,31,89,161
22-10-2025,2,8,0,sunny,81,21,102,148
22-10-2025,2,9,0,sunny,71,37,108,142
22-10-2025,2,10,0,sunny,104,53,157,93
22-10-2025,2,11,0,sunny,122,70,192,58
22-10-2025,2,12,0,cloudy,43,27,70,180
22-10-2025,2,13,0,sunny,80,36,116,134
22-10-2025,2,14,0,sunny,81,31,112,138
22-10-2025,2,15,0,sunny,113,32,145,105
22-10-2025,2,16,0,sunny,153,43,196,54
22-10-2025,2,17,0,cloudy,78,56,134,116
22-10-2025,2,18,0,cloudy,118,93,211,39
22-10-2025,2,19,0,cloudy,30,24,54,196
22-10-2025,2,20,0,cloudy,84,0,84,166
22-10-2025,2,21,0,cloudy,70,0,70,180
22-10-2025,2,22,0,cloudy,100,0,100,150
22-10-2025,2,23,0,sunny,97,0,97,153
23-10-2025,3,0,0,sunny,85,0,85,165
23-10-2025,3,1,0,cloudy,80,0,80,170
23-10-2025,3,2,0,sunny,79,0,79,171
23-10-2025,3,3,0,cloudy,93,0,93,157
23-10-2025,3,4,0,sunny,59,0,59,191
23-10-2025,3,5,0,cloudy,57,0,57,193
23-10-2025,3,6,0,cloudy,55,0,55,195
23-10-2025,3,7,0,rainy,20,13,33,217
23-10-2025,3,8,0,rainy,26,14,40,210
23-10-2025,3,9,0,rainy,115,32,147,103
23-10-2025,3,10,0,rainy,116,77,193,57
23-10-2025,3,11,0,sunny,122,65,187,63
23-10-2025,3,12,0,cloudy,65,41,106,144
23-10-2025,3,13,0,sunny,80,59,139,111
23-10-2025,3,14,0,cloudy,73,47,120,130
23-10-2025,3,15,0,sunny,94,62,156,94
23-10-2025,3,16,0,cloudy,108,46,154,96
23-10-2025,3,17,0,sunny,83,58,141,109
23-10-2025,3,18,0,sunny,104,79,183,67
23-10-2025,3,19,0,cloudy,90,29,119,131
23-10-2025,3,20,0,cloudy,77,0,77,173
23-10-2025,3,21,0,sunny,99,0,99,151
23-10-2025,3,22,0,sunny,90,0,90,160
23-10-2025,3,23,0,cloudy,85,0,85,165
24-10-2025,4,0,0,cloudy,82,0,82,168
24-10-2025,4,1,0,cloudy,87,0,87,163
24-10-2025,4,2,0,sunny,72,0,72,178
24-10-2025,4,3,0,sunny,73,0,73,177
24-10-2025,4,4,0,sunny,56,0,56,194
24-10-2025,4,5,0,sunny,55,0,55,195
24-10-2025,4,6,0,sunny,47,0,47,203
24-10-2025,4,7,0,sunny,48,17,65,185
24-10-2025,4,8,0,sunny,54,21,75,175
24-10-2025,4,9,0,cloudy,121,34,155,95
24-10-2025,4,10,0,sunny,163,42,205,45
24-10-2025,4,11,0,sunny,131,75,206,44
24-10-2025,4,12,0,sunny,45,35,80,170
24-10-2025,4,13,0,sunny,60,40,100,150
24-10-2025,4,14,0,cloudy,71,31,102,148
24-10-2025,4,15,0,sunny,91,31,122,128
24-10-2025,4,16,0,sunny,142,58,200,50
24-10-2025,4,17,0,sunny,111,75,186,64
24-10-2025,4,18,0,sunny,127,36,163,87
24-10-2025,4,19,0,sunny,85,26,111,139
24-10-2025,4,20,0,sunny,83,0,83,167
24-10-2025,4,21,0,cloudy,94,0,94,156
24-10-2025,4,22,0,sunny,100,0,100,150
24-10-2025,4,23,0,sunny,71,0,71,179
25-10-2025,5,0,0,sunny,71,0,71,179
25-10-2025,5,1,0,cloudy,98,0,98,152
25-10-2025,5,2,0,cloudy,82,0,82,168
25-10-2025,5,3,0,sunny,98,0,98,152
25-10-2025,5,4,0,cloudy,41,0,41,209
25-10-2025,5,5,0,sunny,44,0,44,206
25-10-2025,5,6,0,sunny,58,0,58,192
25-10-2025,5,7,0,sunny,24,7,31,219
25-10-2025,5,8,0,sunny,21,15,36,214
25-10-2025,5,9,0,sunny,52,19,71,179
25-10-2025,5,10,0,sunny,99,66,165,85
25-10-2025,5,11,0,sunny,94,28,122,128
25-10-2025,5,12,0,sunny,53,29,82,168
25-10-2025,5,13,0,sunny,61,33,94,156
25-10-2025,5,14,0,sunny,81,52,133,117
25-10-2025,5,15,0,sunny,48,37,85,165
25-10-2025,5,16,0,sunny,78,27,105,145
25-10-2025,5,17,0,sunny,115,47,162,88
25-10-2025,5,18,0,cloudy,57,27,84,166
25-10-2025,5,19,0,sunny,44,13,57,193
25-10-2025,5,20,0,sunny,85,0,85,165
25-10-2025,5,21,0,cloudy,74,0,74,176
25-10-2025,5,22,0,cloudy,86,0,86,164
25-10-2025,5,23,0,cloudy,93,0,93,157
26-10-2025,6,0,0,cloudy,91,0,91,159
26-10-2025,6,1,0,sunny,90,0,90,160
26-10-2025,6,2,0,sunny,84,0,84,166
26-10-2025,6,3,0,cloudy,72,0,72,178
26-10-2025,6,4,0,sunny,55,0,55,195
26-10-2025,6,5,0,cloudy,40,0,40,210
26-10-2025,6,6,0,sunny,56,0,56,194
26-10-2025,6,7,0,sunny,44,25,69,181
26-10-2025,6,8,0,sunny,49,15,64,186
26-10-2025,6,9,0,sunny,64,20,84,166
26-10-2025,6,10,0,sunny,95,26,121,129
26-10-2025,6,11,0,sunny,77,37,114,136
26-10-2025,6,12,0,sunny,39,15,54,196
26-10-2025,6,13,0,cloudy,32,16,48,202
26-10-2025,6,14,0,sunny,49,39,88,162
26-10-2025,6,15,0,sunny,36,28,64,186
26-10-2025,6,16,0,sunny,86,40,126,124
26-10-2025,6,17,0,sunny,85,49,134,116
26-10-2025,6,18,0,cloudy,67,51,118,132
26-10-2025,6,19,0,cloudy,44,14,58,192
26-10-2025,6,20,0,sunny,86,0,86,164
26-10-2025,6,21,0,cloudy,88,0,88,162
26-10-2025,6,22,0,sunny,82,0,82,168
26-10-2025,6,23,0,cloudy,79,0,79,171
27-10-2025,0,0,0,cloudy,94,0,94,156
27-10-2025,0,1,0,cloudy,84,0,84,166
27-10-2025,0,2,0,cloudy,93,0,93,157
27-10-2025,0,3,0,sunny,93,0,93,157
27-10-2025,0,4,0,sunny,51,0,51,199
27-10-2025,0,5,0,cloudy,44,0,44,206
27-10-2025,0,6,0,cloudy,55,0,55,195
27-10-2025,0,7,0,sunny,52,22,74,176
27-10-2025,0,8,0,sunny,65,17,82,168
27-10-2025,0,9,0,cloudy,96,31,127,123
27-10-2025,0,10,0,sunny,107,72,179,71
27-10-2025,0,11,0,cloudy,111,88,199,51
27-10-2025,0,12,0,cloudy,59,38,97,153
27-10-2025,0,13,0,sunny,44,34,78,172
27-10-2025,0,14,0,sunny,115,38,153,97
27-10-2025,0,15,0,sunny,125,35,160,90
27-10-2025,0,16,0,sunny,132,66,198,52
27-10-2025,0,17,0,sunny,164,50,214,36
27-10-2025,0,18,0,cloudy,87,55,142,108
27-10-2025,0,19,0,cloudy,59,14,73,177
27-10-2025,0,20,0,cloudy,88,0,88,162
27-10-2025,0,21,0,sunny,74,0,74,176
27-10-2025,0,22,0,cloudy,98,0,98,152
27-10-2025,0,23,0,cloudy,71,0,71,179
28-10-2025,1,0,0,cloudy,92,0,92,158
28-10-2025,1,1,0,cloudy,82,0,82,168
28-10-2025,1,2,0,cloudy,79,0,79,171
28-10-2025,1,3,0,cloudy,100,0,100,150
28-10-2025,1,4,0,sunny,48,0,48,202
28-10-2025,1,5,0,cloudy,55,0,55,195
28-10-2025,1,6,0,sunny,51,0,51,199
28-10-2025,1,7,0,sunny,47,24,71,179
28-10-2025,1,8,0,sunny,41,26,67,183
28-10-2025,1,9,0,sunny,81,66,147,103
28-10-2025,1,10,0,sunny,82,64,146,104
28-10-2025,1,11,0,sunny,106,73,179,71
28-10-2025,1,12,0,sunny,98,34,132,118
28-10-2025,1,13,0,sunny,77,30,107,143
28-10-2025,1,14,0,cloudy,84,22,106,144
28-10-2025,1,15,0,cloudy,116,30,146,104
28-10-2025,1,16,0,cloudy,90,69,159,91
28-10-2025,1,17,0,cloudy,130,39,169,81
28-10-2025,1,18,0,cloudy,127,52,179,71
28-10-2025,1,19,0,cloudy,75,25,100,150
28-10-2025,1,20,0,cloudy,87,0,87,163
28-10-2025,1,21,0,sunny,78,0,78,172
28-10-2025,1,22,0,cloudy,71,0,71,179
28-10-2025,1,23,0,cloudy,81,0,81,169
29-10-2025,2,0,0,cloudy,72,0,72,178
29-10-2025,2,1,0,sunny,84,0,84,166
29-10-2025,2,2,0,cloudy,98,0,98,152
29-10-2025,2,3,0,sunny,73,0,73,177
29-10-2025,2,4,0,cloudy,55,0,55,195
29-10-2025,2,5,0,cloudy,57,0,57,193
29-10-2025,2,6,0,sunny,59,0,59,191
29-10-2025,2,7,0,sunny,57,19,76,174
29-10-2025,2,8,0,cloudy,31,14,45,205
29-10-2025,2,9,0,sunny,126,55,181,69
29-10-2025,2,10,0,sunny,129,37,166,84
29-10-2025,2,11,0,sunny,104,36,140,110
29-10-2025,2,12,0,sunny,51,38,89,161
29-10-2025,2,13,0,sunny,65,50,115,135
29-10-2025,2,14,0,sunny,66,49,115,135
29-10-2025,2,15,0,cloudy,88,39,127,123
29-10-2025,2,16,0,cloudy,135,42,177,73
29-10-2025,2,17,0,sunny,107,45,152,98
29-10-2025,2,18,0,sunny,119,57,176,74
29-10-2025,2,19,0,cloudy,47,31,78,172
29-10-2025,2,20,0,sunny,81,0,81,169
29-10-2025,2,21,0,cloudy,91,0,91,159
29-10-2025,2,22,0,cloudy,95,0,95,155
29-10-2025,2,23,0,cloudy,70,0,70,180
30-10-2025,3,0,0,cloudy,93,0,93,157
30-10-2025,3,1,0,cloudy,95,0,95,155
30-10-2025,3,2,0,cloudy,97,0,97,153
30-10-2025,3,3,0,sunny,94,0,94,156
30-10-2025,3,4,0,cloudy,58,0,58,192
30-10-2025,3,5,0,sunny,48,0,48,202
30-10-2025,3,6,0,sunny,49,0,49,201
30-10-2025,3,7,0,sunny,38,14,52,198
30-10-2025,3,8,0,sunny,75,39,114,136
30-10-2025,3,9,0,cloudy,72,32,104,146
30-10-2025,3,10,0,sunny,148,39,187,63
30-10-2025,3,11,0,sunny,126,65,191,59
30-10-2025,3,12,0,sunny,74,39,113,137
30-10-2025,3,13,0,sunny,57,42,99,151
30-10-2025,3,14,0,sunny,72,49,121,129
30-10-2025,3,15,0,sunny,130,43,173,77
30-10-2025,3,16,0,cloudy,86,55,141,109
30-10-2025,3,17,0,sunny,107,58,165,85
30-10-2025,3,18,0,cloudy,114,50,164,86
30-10-2025,3,19,0,cloudy,69,18,87,163
30-10-2025,3,20,0,cloudy,93,0,93,157
30-10-2025,3,21,0,sunny,86,0,86,164
30-10-2025,3,22,0,cloudy,85,0,85,165
30-10-2025,3,23,0,cloudy,79,0,79,171
31-10-2025,4,0,0,cloudy,88,0,88,162
31-10-2025,4,1,0,cloudy,74,0,74,176
31-10-2025,4,2,0,sunny,82,0,82,168
31-10-2025,4,3,0,cloudy,79,0,79,171
31-10-2025,4,4,0,cloudy,54,0,54,196
31-10-2025,4,5,0,cloudy,57,0,57,193
31-10-2025,4,6,0,sunny,54,0,54,196
31-10-2025,4,7,0,sunny,59,34,93,157
31-10-2025,4,8,0,cloudy,46,19,65,185
31-10-2025,4,9,0,sunny,89,72,161,89
31-10-2025,4,10,0,cloudy,144,61,205,45
31-10-2025,4,11,0,sunny,123,79,202,48
31-10-2025,4,12,0,sunny,56,21,77,173
31-10-2025,4,13,0,sunny,46,16,62,188
31-10-2025,4,14,0,sunny,120,57,177,73
31-10-2025,4,15,0,sunny,69,49,118,132
31-10-2025,4,16,0,sunny,136,59,195,55
31-10-2025,4,17,0,sunny,101,75,176,74
31-10-2025,4,18,0,cloudy,130,59,189,61
31-10-2025,4,19,0,sunny,101,30,131,119
31-10-2025,4,20,0,sunny,83,0,83,167
31-10-2025,4,21,0,cloudy,89,0,89,161
31-10-2025,4,22,0,sunny,94,0,94,156
31-10-2025,4,23,0,cloudy,88,0,88,162
01-11-2025,5,0,0,cloudy,71,0,71,179
01-11-2025,5,1,0,cloudy,71,0,71,179
01-11-2025,5,2,0,sunny,76,0,76,174
01-11-2025,5,3,0,sunny,82,0,82,168
01-11-2025,5,4,0,cloudy,48,0,48,202
01-11-2025,5,5,0,cloudy,46,0,46,204
01-11-2025,5,6,0,sunny,52,0,52,198
01-11-2025,5,7,0,sunny,30,9,39,211
01-11-2025,5,8,0,sunny,37,17,54,196
01-11-2025,5,9,0,cloudy,61,28,89,161
01-11-2025,5,10,0,sunny,76,24,100,150
01-11-2025,5,11,0,sunny,131,34,165,85
01-11-2025,5,12,0,sunny,56,40,96,154
01-11-2025,5,13,0,cloudy,40,17,57,193
01-11-2025,5,14,0,sunny,35,22,57,193
01-11-2025,5,15,0,sunny,69,36,105,145
01-11-2025,5,16,0,sunny,65,47,112,138
01-11-2025,5,17,0,cloudy,93,58,151,99
01-11-2025,5,18,0,cloudy,70,37,107,143
01-11-2025,5,19,0,sunny,43,16,59,191
01-11-2025,5,20,0,cloudy,88,0,88,162
01-11-2025,5,21,0,cloudy,74,0,74,176
01-11-2025,5,22,0,sunny,70,0,70,180
01-11-2025,5,23,0,cloudy,99,0,99,151
02-11-2025,6,0,0,cloudy,100,0,100,150
02-11-2025,6,1,0,cloudy,96,0,96,154
02-11-2025,6,2,0,cloudy,89,0,89,161
02-11-2025,6,3,0,sunny,98,0,98,152
02-11-2025,6,4,0,cloudy,48,0,48,202
02-11-2025,6,5,0,cloudy,40,0,40,210
02-11-2025,6,6,0,cloudy,47,0,47,203
02-11-2025,6,7,0,sunny,43,14,57,193
02-11-2025,6,8,0,cloudy,43,16,59,191
02-11-2025,6,9,0,cloudy,33,16,49,201
02-11-2025,6,10,0,sunny,123,31,154,96
02-11-2025,6,11,0,sunny,73,36,109,141
02-11-2025,6,12,0,sunny,46,30,76,174
02-11-2025,6,13,0,sunny,49,29,78,172
02-11-2025,6,14,0,sunny,89,26,115,135
02-11-2025,6,15,0,sunny,46,26,72,178
02-11-2025,6,16,0,sunny,117,33,150,100
02-11-2025,6,17,0,sunny,98,26,124,126
02-11-2025,6,18,0,sunny,58,44,102,148
02-11-2025,6,19,0,cloudy,29,14,43,207
02-11-2025,6,20,0,cloudy,73,0,73,177
02-11-2025,6,21,0,sunny,78,0,78,172
02-11-2025,6,22,0,sunny,90,0,90,160
02-11-2025,6,23,0,cloudy,70,0,70,180
03-11-2025,0,0,0,cloudy,75,0,75,175
03-11-2025,0,1,0,cloudy,85,0,85,165
03-11-2025,0,2,0,sunny,96,0,96,154
03-11-2025,0,3,0,sunny,81,0,81,169
03-11-2025,0,4,0,cloudy,47,0,47,203
03-11-2025,0,5,0,sunny,54,0,54,196
03-11-2025,0,6,0,sunny,48,0,48,202
03-11-2025,0,7,0,sunny,63,36,99,151
03-11-2025,0,8,0,cloudy,35,15,50,200
03-11-2025,0,9,0,sunny,76,32,108,142
03-11-2025,0,10,0,sunny,146,45,191,59
03-11-2025,0,11,0,cloudy,98,44,142,108
03-11-2025,0,12,0,sunny,57,42,99,151
03-11-2025,0,13,0,sunny,75,28,103,147
03-11-2025,0,14,0,sunny,116,29,145,105
03-11-2025,0,15,0,sunny,79,54,133,117
03-11-2025,0,16,0,cloudy,108,28,136,114
03-11-2025,0,17,0,cloudy,76,48,124,126
03-11-2025,0,18,0,cloudy,86,63,149,101
03-11-2025,0,19,0,cloudy,37,25,62,188
03-11-2025,0,20,0,cloudy,92,0,92,158
03-11-2025,0,21,0,cloudy,70,0,70,180
03-11-2025,0,22,0,sunny,79,0,79,171
03-11-2025,0,23,0,cloudy,86,0,86,164
04-11-2025,1,0,1,sunny,138,0,138,112
04-11-2025,1,1,1,sunny,94,0,94,156
04-11-2025,1,2,1,cloudy,138,0,138,112
04-11-2025,1,3,1,sunny,84,0,84,166
04-11-2025,1,4,1,cloudy,42,0,42,208
04-11-2025,1,5,1,cloudy,56,0,56,194
04-11-2025,1,6,1,sunny,55,0,55,195
04-11-2025,1,7,1,sunny,86,32,118,132
04-11-2025,1,8,1,sunny,73,58,131,119
04-11-2025,1,9,1,sunny,168,78,246,4
04-11-2025,1,10,1,sunny,155,63,218,32
04-11-2025,1,11,1,sunny,195,55,250,0
04-11-2025,1,12,1,sunny,102,62,164,86
04-11-2025,1,13,1,cloudy,71,29,100,150
04-11-2025,1,14,1,sunny,149,47,196,54
04-11-2025,1,15,1,sunny,134,62,196,54
04-11-2025,1,16,1,sunny,157,72,229,21
04-11-2025,1,17,1,sunny,143,107,250,0
04-11-2025,1,18,1,cloudy,159,57,216,34
04-11-2025,1,19,1,sunny,97,54,151,99
04-11-2025,1,20,1,sunny,138,0,138,112
04-11-2025,1,21,1,cloudy,88,0,88,162
04-11-2025,1,22,1,cloudy,111,0,111,139
04-11-2025,1,23,1,cloudy,94,0,94,156
05-11-2025,2,0,1,cloudy,106,0,106,144
05-11-2025,2,1,1,sunny,129,0,129,121
05-11-2025,2,2,1,cloudy,89,0,89,161
05-11-2025,2,3,1,sunny,114,0,114,136
05-11-2025,2,4,1,cloudy,55,0,55,195
05-11-2025,2,5,1,sunny,46,0,46,204
05-11-2025,2,6,1,sunny,53,0,53,197
05-11-2025,2,7,1,cloudy,68,36,104,146
05-11-2025,2,8,1,sunny,120,38,158,92
05-11-2025,2,9,1,sunny,133,62,195,55
05-11-2025,2,10,1,sunny,161,89,250,0
05-11-2025,2,11,1,sunny,165,85,250,0
05-11-2025,2,12,1,sunny,137,44,181,69
05-11-2025,2,13,1,sunny,130,52,182,68
05-11-2025,2,14,1,sunny,130,85,215,35
05-11-2025,2,15,1,sunny,131,86,217,33
05-11-2025,2,16,1,sunny,198,52,250,0
05-11-2025,2,17,1,sunny,187,63,250,0
05-11-2025,2,18,1,sunny,132,100,232,18
05-11-2025,2,19,1,sunny,77,43,120,130
05-11-2025,2,20,1,sunny,134,0,134,116
05-11-2025,2,21,1,cloudy,82,0,82,168
05-11-2025,2,22,1,cloudy,140,0,140,110
05-11-2025,2,23,1,sunny,83,0,83,167
06-11-2025,3,0,1,cloudy,97,0,97,153
06-11-2025,3,1,1,cloudy,119,0,119,131
06-11-2025,3,2,1,cloudy,135,0,135,115
06-11-2025,3,3,1,cloudy,82,0,82,168
06-11-2025,3,4,1,sunny,49,0,49,201
06-11-2025,3,5,1,cloudy,52,0,52,198
06-11-2025,3,6,1,sunny,49,0,49,201
06-11-2025,3,7,1,sunny,75,21,96,154
06-11-2025,3,8,1,sunny,86,27,113,137
06-11-2025,3,9,1,sunny,153,90,243,7
06-11-2025,3,10,1,sunny,194,56,250,0
06-11-2025,3,11,1,sunny,174,76,250,0
06-11-2025,3,12,1,sunny,91,58,149,101
06-11-2025,3,13,1,sunny,93,59,152,98
06-11-2025,3,14,1,sunny,139,86,225,25
06-11-2025,3,15,1,sunny,151,63,214,36
06-11-2025,3,16,1,sunny,148,102,250,0
06-11-2025,3,17,1,sunny,180,70,250,0
06-11-2025,3,18,1,sunny,154,96,250,0
06-11-2025,3,19,1,sunny,137,37,174,76
06-11-2025,3,20,1,cloudy,124,0,124,126
06-11-2025,3,21,1,cloudy,99,0,99,151
06-11-2025,3,22,1,cloudy,97,0,97,153
06-11-2025,3,23,1,sunny,100,0,100,150
07-11-2025,4,0,1,cloudy,112,0,112,138
07-11-2025,4,1,1,cloudy,130,0,130,120
07-11-2025,4,2,1,cloudy,83,0,83,167
07-11-2025,4,3,1,sunny,115,0,115,135
07-11-2025,4,4,1,cloudy,54,0,54,196
07-11-2025,4,5,1,cloudy,45,0,45,205
07-11-2025,4,6,1,sunny,53,0,53,197
07-11-2025,4,7,1,sunny,114,30,144,106
07-11-2025,4,8,1,sunny,73,36,109,141
07-11-2025,4,9,1,sunny,156,51,207,43
07-11-2025,4,10,1,sunny,146,104,250,0
07-11-2025,4,11,1,sunny,144,99,243,7
07-11-2025,4,12,1,sunny,128,42,170,80
07-11-2025,4,13,1,sunny,111,28,139,111
07-11-2025,4,14,1,sunny,185,56,241,9
07-11-2025,4,15,1,sunny,164,58,222,28
07-11-2025,4,16,1,sunny,196,54,250,0
07-11-2025,4,17,1,sunny,168,82,250,0
07-11-2025,4,18,1,sunny,170,80,250,0
07-11-2025,4,19,1,sunny,127,62,189,61
07-11-2025,4,20,1,cloudy,118,0,118,132
07-11-2025,4,21,1,sunny,101,0,101,149
07-11-2025,4,22,1,sunny,81,0,81,169
07-11-2025,4,23,1,cloudy,100,0,100,150
08-11-2025,5,0,1,cloudy,120,0,120,130
08-11-2025,5,1,1,cloudy,133,0,133,117
08-11-2025,5,2,1,cloudy,112,0,112,138
08-11-2025,5,3,1,sunny,99,0,99,151
08-11-2025,5,4,1,cloudy,43,0,43,207
08-11-2025,5,5,1,cloudy,50,0,50,200
08-11-2025,5,6,1,sunny,48,0,48,202
08-11-2025,5,7,1,cloudy,81,56,137,113
08-11-2025,5,8,1,sunny,87,33,120,130
08-11-2025,5,9,1,cloudy,128,81,209,41
08-11-2025,5,10,1,sunny,163,87,250,0
08-11-2025,5,11,1,cloudy,200,50,250,0
08-11-2025,5,12,1,sunny,137,39,176,74
08-11-2025,5,13,1,cloudy,72,31,103,147
08-11-2025,5,14,1,sunny,159,60,219,31
08-11-2025,5,15,1,sunny,135,65,200,50
08-11-2025,5,16,1,sunny,186,64,250,0
08-11-2025,5,17,1,sunny,170,80,250,0
08-11-2025,5,18,1,cloudy,146,95,241,9
08-11-2025,5,19,1,cloudy,89,30,119,131
08-11-2025,5,20,1,sunny,132,0,132,118
08-11-2025,5,21,1,cloudy,82,0,82,168
08-11-2025,5,22,1,cloudy,113,0,113,137
08-11-2025,5,23,1,sunny,100,0,100,150
09-11-2025,6,0,1,cloudy,126,0,126,124
09-11-2025,6,1,1,cloudy,112,0,112,138
09-11-2025,6,2,1,cloudy,122,0,122,128
09-11-2025,6,3,1,sunny,93,0,93,157
09-11-2025,6,4,1,cloudy,41,0,41,209
09-11-2025,6,5,1,sunny,60,0,60,190
09-11-2025,6,6,1,sunny,57,0,57,193
09-11-2025,6,7,1,sunny,69,53,122,128
09-11-2025,6,8,1,sunny,78,45,123,127
09-11-2025,6,9,1,sunny,118,83,201,49
09-11-2025,6,10,1,sunny,165,85,250,0
09-11-2025,6,11,1,sunny,161,86,247,3
09-11-2025,6,12,1,sunny,126,45,171,79
09-11-2025,6,13,1,cloudy,79,55,134,116
09-11-2025,6,14,1,cloudy,148,58,206,44
09-11-2025,6,15,1,sunny,121,80,201,49
09-11-2025,6,16,1,sunny,134,105,239,11
09-11-2025,6,17,1,sunny,164,66,230,20
09-11-2025,6,18,1,cloudy,162,88,250,0
09-11-2025,6,19,1,cloudy,101,50,151,99
09-11-2025,6,20,1,cloudy,124,0,124,126
09-11-2025,6,21,1,cloudy,80,0,80,170
09-11-2025,6,22,1,cloudy,109,0,109,141
09-11-2025,6,23,1,cloudy,94,0,94,156
10-11-2025,0,0,1,cloudy,135,0,135,115
